#001|Bulbasaur|https://cdn2.bulbagarden.net/upload/2/21/001Bulbasaur.png
#002|Ivysaur|https://cdn2.bulbagarden.net/upload/7/73/002Ivysaur.png
#003|Venusaur|https://cdn2.bulbagarden.net/upload/thumb/a/ae/003Venusaur.png/1200px-003Venusaur.png
#004|Charmander|https://cdn2.bulbagarden.net/upload/7/73/004Charmander.png
#005|Charmeleon|https://cdn2.bulbagarden.net/upload/4/4a/005Charmeleon.png
#006|Charizard|https://cdn2.bulbagarden.net/upload/thumb/7/7e/006Charizard.png/1200px-006Charizard.png
#007|Squirtle|https://cdn2.bulbagarden.net/upload/3/39/007Squirtle.png
#008|Wartortle|https://cdn2.bulbagarden.net/upload/0/0c/008Wartortle.png
#009|Blastoise|https://cdn2.bulbagarden.net/upload/thumb/0/02/009Blastoise.png/1200px-009Blastoise.png
#010|Caterpie|https://cdn2.bulbagarden.net/upload/5/5d/010Caterpie.png
#011|Metapod|https://cdn2.bulbagarden.net/upload/c/cd/011Metapod.png
#012|Butterfree|https://cdn2.bulbagarden.net/upload/thumb/d/d1/012Butterfree.png/1200px-012Butterfree.png
#013|Weedle|https://cdn2.bulbagarden.net/upload/d/df/013Weedle.png
#014|Kakuna|https://cdn2.bulbagarden.net/upload/f/f0/014Kakuna.png
#015|Beedrill|https://cdn2.bulbagarden.net/upload/thumb/6/61/015Beedrill.png/1200px-015Beedrill.png
#016|Pidgey|https://cdn2.bulbagarden.net/upload/5/55/016Pidgey.png
#017|Pidgeotto|https://cdn2.bulbagarden.net/upload/thumb/7/7a/017Pidgeotto.png/1200px-017Pidgeotto.png
#018|Pidgeot|https://cdn2.bulbagarden.net/upload/thumb/5/57/018Pidgeot.png/1200px-018Pidgeot.png
#019|Rattata|https://cdn2.bulbagarden.net/upload/4/46/019Rattata.png
#020|Raticate|https://cdn2.bulbagarden.net/upload/f/f4/020Raticate.png
#021|Spearow|https://cdn2.bulbagarden.net/upload/8/8b/021Spearow.png
#022|Fearow|https://cdn2.bulbagarden.net/upload/a/a0/022Fearow.png
#023|Ekans|https://cdn2.bulbagarden.net/upload/f/fa/023Ekans.png
#024|Arbok|https://cdn2.bulbagarden.net/upload/c/cd/024Arbok.png
#025|Pikachu|https://cdn2.bulbagarden.net/upload/0/0d/025Pikachu.png
#026|Raichu|https://cdn2.bulbagarden.net/upload/8/88/026Raichu.png
#027|Sandshrew|https://cdn2.bulbagarden.net/upload/9/9e/027Sandshrew.png
#028|Sandslash|https://cdn2.bulbagarden.net/upload/thumb/0/0b/028Sandslash.png/1200px-028Sandslash.png
#029|Nidoran♀|https://cdn2.bulbagarden.net/upload/8/81/029Nidoran.png
#030|Nidorina|https://cdn2.bulbagarden.net/upload/c/cd/030Nidorina.png
#031|Nidoqueen|https://cdn2.bulbagarden.net/upload/b/bf/031Nidoqueen.png
#032|Nidoran♂|https://cdn2.bulbagarden.net/upload/4/4a/032Nidoran.png
#033|Nidorino|https://cdn2.bulbagarden.net/upload/9/9f/033Nidorino.png
#034|Nidoking|https://cdn2.bulbagarden.net/upload/c/c6/034Nidoking.png
#035|Clefairy|https://cdn2.bulbagarden.net/upload/f/f4/035Clefairy.png
#036|Clefable|https://cdn2.bulbagarden.net/upload/a/a9/036Clefable.png
#037|Vulpix|https://cdn2.bulbagarden.net/upload/thumb/6/60/037Vulpix.png/1200px-037Vulpix.png
#038|Ninetales|https://cdn2.bulbagarden.net/upload/thumb/0/05/038Ninetales.png/1200px-038Ninetales.png
#039|Jigglypuff|https://cdn2.bulbagarden.net/upload/3/3e/039Jigglypuff.png
#040|Wigglytuff|https://cdn2.bulbagarden.net/upload/9/92/040Wigglytuff.png
#041|Zubat|https://cdn2.bulbagarden.net/upload/d/da/041Zubat.png
#042|Golbat|https://cdn2.bulbagarden.net/upload/0/0c/042Golbat.png
#043|Oddish|https://cdn2.bulbagarden.net/upload/4/43/043Oddish.png
#044|Gloom|https://cdn2.bulbagarden.net/upload/2/2a/044Gloom.png
#045|Vileplume|https://cdn2.bulbagarden.net/upload/6/6a/045Vileplume.png
#046|Paras|https://cdn2.bulbagarden.net/upload/d/d4/046Paras.png
#047|Parasect|https://cdn2.bulbagarden.net/upload/8/80/047Parasect.png
#048|Venonat|https://cdn2.bulbagarden.net/upload/a/ad/048Venonat.png
#049|Venomoth|https://cdn2.bulbagarden.net/upload/d/d3/049Venomoth.png
#050|Diglett|https://cdn2.bulbagarden.net/upload/3/31/050Diglett.png
#051|Dugtrio|https://cdn2.bulbagarden.net/upload/e/e5/051Dugtrio.png
#052|Meowth|https://cdn2.bulbagarden.net/upload/thumb/d/d6/052Meowth.png/1200px-052Meowth.png
#053|Persian|https://cdn2.bulbagarden.net/upload/1/13/053Persian.png
#054|Psyduck|https://cdn2.bulbagarden.net/upload/thumb/5/53/054Psyduck.png/1200px-054Psyduck.png
#055|Golduck|https://cdn2.bulbagarden.net/upload/thumb/f/fe/055Golduck.png/1200px-055Golduck.png
#056|Mankey|https://cdn2.bulbagarden.net/upload/4/41/056Mankey.png
#057|Primeape|https://cdn2.bulbagarden.net/upload/9/9a/057Primeape.png
#058|Growlithe|https://cdn2.bulbagarden.net/upload/thumb/3/3d/058Growlithe.png/1200px-058Growlithe.png
#059|Arcanine|https://cdn2.bulbagarden.net/upload/thumb/b/b8/059Arcanine.png/1200px-059Arcanine.png
#060|Poliwag|https://cdn2.bulbagarden.net/upload/4/49/060Poliwag.png
#061|Poliwhirl|https://cdn2.bulbagarden.net/upload/a/a9/061Poliwhirl.png
#062|Poliwrath|https://cdn2.bulbagarden.net/upload/2/2d/062Poliwrath.png
#063|Abra|https://cdn2.bulbagarden.net/upload/6/62/063Abra.png
#064|Kadabra|https://cdn2.bulbagarden.net/upload/9/97/064Kadabra.png
#065|Alakazam|https://cdn2.bulbagarden.net/upload/c/cc/065Alakazam.png
#066|Machop|https://cdn2.bulbagarden.net/upload/8/85/066Machop.png
#067|Machoke|https://cdn2.bulbagarden.net/upload/8/8e/067Machoke.png
#068|Machamp|https://cdn2.bulbagarden.net/upload/8/8f/068Machamp.png
#069|Bellsprout|https://cdn2.bulbagarden.net/upload/thumb/a/a2/069Bellsprout.png/1200px-069Bellsprout.png
#070|Weepinbell|https://cdn2.bulbagarden.net/upload/9/9f/070Weepinbell.png
#071|Victreebel|https://cdn2.bulbagarden.net/upload/b/be/071Victreebel.png
#072|Tentacool|https://cdn2.bulbagarden.net/upload/4/4e/072Tentacool.png
#073|Tentacruel|https://cdn2.bulbagarden.net/upload/f/f6/073Tentacruel.png
#074|Geodude|https://cdn2.bulbagarden.net/upload/9/98/074Geodude.png
#075|Graveler|https://cdn2.bulbagarden.net/upload/7/75/075Graveler.png
#076|Golem|https://cdn2.bulbagarden.net/upload/f/f2/076Golem.png
#077|Ponyta|https://cdn2.bulbagarden.net/upload/3/3b/077Ponyta.png
#078|Rapidash|https://cdn2.bulbagarden.net/upload/3/3f/078Rapidash.png
#079|Slowpoke|https://cdn2.bulbagarden.net/upload/7/70/079Slowpoke.png
#080|Slowbro|https://cdn2.bulbagarden.net/upload/8/80/080Slowbro.png
#081|Magnemite|https://cdn2.bulbagarden.net/upload/6/6c/081Magnemite.png
#082|Magneton|https://cdn2.bulbagarden.net/upload/7/72/082Magneton.png
#083|Farfetch'd|https://cdn2.bulbagarden.net/upload/f/f8/083Farfetch%27d.png
#084|Doduo|https://cdn2.bulbagarden.net/upload/5/54/084Doduo.png
#085|Dodrio|https://cdn2.bulbagarden.net/upload/9/93/085Dodrio.png
#086|Seel|https://cdn2.bulbagarden.net/upload/1/1f/086Seel.png
#087|Dewgong|https://cdn2.bulbagarden.net/upload/c/c7/087Dewgong.png
#088|Grimer|https://cdn2.bulbagarden.net/upload/a/a0/088Grimer.png
#089|Muk|https://cdn2.bulbagarden.net/upload/7/7c/089Muk.png
#090|Shellder|https://cdn2.bulbagarden.net/upload/4/40/090Shellder.png
#091|Cloyster|https://cdn2.bulbagarden.net/upload/thumb/1/1d/091Cloyster.png/1200px-091Cloyster.png
#092|Gastly|https://cdn2.bulbagarden.net/upload/c/ca/092Gastly.png
#093|Haunter|https://cdn2.bulbagarden.net/upload/6/62/093Haunter.png
#094|Gengar|https://cdn2.bulbagarden.net/upload/c/c6/094Gengar.png
#095|Onix|https://cdn2.bulbagarden.net/upload/thumb/9/9a/095Onix.png/1200px-095Onix.png
#096|Drowzee|https://cdn2.bulbagarden.net/upload/3/3e/096Drowzee.png
#097|Hypno|https://cdn2.bulbagarden.net/upload/0/0a/097Hypno.png
#098|Krabby|https://cdn2.bulbagarden.net/upload/a/a7/098Krabby.png
#099|Kingler|https://cdn2.bulbagarden.net/upload/7/71/099Kingler.png
#100|Voltorb|https://cdn2.bulbagarden.net/upload/d/da/100Voltorb.png
#101|Electrode|https://cdn2.bulbagarden.net/upload/8/84/101Electrode.png
#102|Exeggcute|https://cdn2.bulbagarden.net/upload/a/af/102Exeggcute.png
#103|Exeggutor|https://cdn2.bulbagarden.net/upload/thumb/2/24/103Exeggutor.png/1200px-103Exeggutor.png
#104|Cubone|https://cdn2.bulbagarden.net/upload/2/2a/104Cubone.png
#105|Marowak|https://cdn2.bulbagarden.net/upload/9/98/105Marowak.png
#106|Hitmonlee|https://cdn2.bulbagarden.net/upload/3/32/106Hitmonlee.png
#107|Hitmonchan|https://cdn2.bulbagarden.net/upload/a/a3/107Hitmonchan.png
#108|Lickitung|https://cdn2.bulbagarden.net/upload/0/00/108Lickitung.png
#109|Koffing|https://cdn2.bulbagarden.net/upload/1/17/109Koffing.png
#110|Weezing|https://cdn2.bulbagarden.net/upload/4/42/110Weezing.png
#111|Rhyhorn|https://cdn2.bulbagarden.net/upload/9/9b/111Rhyhorn.png
#112|Rhydon|https://cdn2.bulbagarden.net/upload/4/47/112Rhydon.png
#113|Chansey|https://cdn2.bulbagarden.net/upload/c/cd/113Chansey.png
#114|Tangela|https://cdn2.bulbagarden.net/upload/3/3e/114Tangela.png
#115|Kangaskhan|https://cdn2.bulbagarden.net/upload/4/4e/115Kangaskhan.png
#116|Horsea|https://cdn2.bulbagarden.net/upload/5/5a/116Horsea.png
#117|Seadra|https://cdn2.bulbagarden.net/upload/2/26/117Seadra.png
#118|Goldeen|https://cdn2.bulbagarden.net/upload/7/7b/118Goldeen.png
#119|Seaking|https://cdn2.bulbagarden.net/upload/6/6a/119Seaking.png
#120|Staryu|https://cdn2.bulbagarden.net/upload/4/4f/120Staryu.png
#121|Starmie|https://cdn2.bulbagarden.net/upload/c/cd/121Starmie.png
#122|Mr. Mime|https://cdn2.bulbagarden.net/upload/e/ec/122Mr._Mime.png
#123|Scyther|https://cdn2.bulbagarden.net/upload/b/ba/123Scyther.png
#124|Jynx|https://cdn2.bulbagarden.net/upload/7/7c/124Jynx.png
#125|Electabuzz|https://cdn2.bulbagarden.net/upload/thumb/d/de/125Electabuzz.png/1200px-125Electabuzz.png
#126|Magmar|https://cdn2.bulbagarden.net/upload/thumb/8/8c/126Magmar.png/1200px-126Magmar.png
#127|Pinsir|https://cdn2.bulbagarden.net/upload/thumb/7/71/127Pinsir.png/1200px-127Pinsir.png
#128|Tauros|https://cdn2.bulbagarden.net/upload/b/b8/128Tauros.png
#129|Magikarp|https://cdn2.bulbagarden.net/upload/0/02/129Magikarp.png
#130|Gyarados|https://cdn2.bulbagarden.net/upload/4/41/130Gyarados.png
#131|Lapras|https://cdn2.bulbagarden.net/upload/thumb/a/ab/131Lapras.png/1200px-131Lapras.png
#132|Ditto|https://cdn2.bulbagarden.net/upload/3/36/132Ditto.png
#133|Eevee|https://cdn2.bulbagarden.net/upload/thumb/e/e2/133Eevee.png/1200px-133Eevee.png
#134|Vaporeon|https://cdn2.bulbagarden.net/upload/thumb/f/fd/134Vaporeon.png/1200px-134Vaporeon.png
#135|Jolteon|https://cdn2.bulbagarden.net/upload/thumb/b/bb/135Jolteon.png/1200px-135Jolteon.png
#136|Flareon|https://cdn2.bulbagarden.net/upload/thumb/d/dd/136Flareon.png/1200px-136Flareon.png
#137|Porygon|https://cdn2.bulbagarden.net/upload/6/6b/137Porygon.png
#138|Omanyte|https://cdn2.bulbagarden.net/upload/7/79/138Omanyte.png
#139|Omastar|https://cdn2.bulbagarden.net/upload/4/43/139Omastar.png
#140|Kabuto|https://cdn2.bulbagarden.net/upload/f/f9/140Kabuto.png
#141|Kabutops|https://cdn2.bulbagarden.net/upload/2/29/141Kabutops.png
#142|Aerodactyl|https://cdn2.bulbagarden.net/upload/e/e8/142Aerodactyl.png
#143|Snorlax|https://cdn2.bulbagarden.net/upload/thumb/f/fb/143Snorlax.png/1200px-143Snorlax.png
#144|Articuno|https://cdn2.bulbagarden.net/upload/thumb/4/4e/144Articuno.png/1200px-144Articuno.png
#145|Zapdos|https://cdn2.bulbagarden.net/upload/thumb/e/e3/145Zapdos.png/1200px-145Zapdos.png
#146|Moltres|https://cdn2.bulbagarden.net/upload/thumb/1/1b/146Moltres.png/1200px-146Moltres.png
#147|Dratini|https://cdn2.bulbagarden.net/upload/c/cc/147Dratini.png
#148|Dragonair|https://cdn2.bulbagarden.net/upload/9/93/148Dragonair.png
#149|Dragonite|https://cdn2.bulbagarden.net/upload/8/8b/149Dragonite.png
#150|Mewtwo|https://cdn2.bulbagarden.net/upload/thumb/7/78/150Mewtwo.png/1200px-150Mewtwo.png
#151|Mew|https://cdn2.bulbagarden.net/upload/thumb/b/b1/151Mew.png/1200px-151Mew.png
#152|Chikorita|https://cdn2.bulbagarden.net/upload/thumb/b/bf/152Chikorita.png/1200px-152Chikorita.png
#153|Bayleef|https://cdn2.bulbagarden.net/upload/thumb/c/ca/153Bayleef.png/1200px-153Bayleef.png
#154|Meganium|https://cdn2.bulbagarden.net/upload/thumb/d/d1/154Meganium.png/1200px-154Meganium.png
#155|Cyndaquil|https://cdn2.bulbagarden.net/upload/thumb/9/9b/155Cyndaquil.png/1200px-155Cyndaquil.png
#156|Quilava|https://cdn2.bulbagarden.net/upload/thumb/b/b6/156Quilava.png/1200px-156Quilava.png
#157|Typhlosion|https://cdn2.bulbagarden.net/upload/thumb/4/47/157Typhlosion.png/1200px-157Typhlosion.png
#158|Totodile|https://cdn2.bulbagarden.net/upload/thumb/d/df/158Totodile.png/1200px-158Totodile.png
#159|Croconaw|https://cdn2.bulbagarden.net/upload/thumb/a/a5/159Croconaw.png/1200px-159Croconaw.png
#160|Feraligatr|https://cdn2.bulbagarden.net/upload/thumb/d/d5/160Feraligatr.png/1200px-160Feraligatr.png
#161|Sentret|https://cdn2.bulbagarden.net/upload/thumb/c/c5/161Sentret.png/1200px-161Sentret.png
#162|Furret|https://cdn2.bulbagarden.net/upload/thumb/4/4b/162Furret.png/1200px-162Furret.png
#163|Hoothoot|https://cdn2.bulbagarden.net/upload/5/53/163Hoothoot.png
#164|Noctowl|https://cdn2.bulbagarden.net/upload/thumb/f/fa/164Noctowl.png/1200px-164Noctowl.png
#165|Ledyba|https://cdn2.bulbagarden.net/upload/b/bb/165Ledyba.png
#166|Ledian|https://cdn2.bulbagarden.net/upload/thumb/5/5b/166Ledian.png/1200px-166Ledian.png
#167|Spinarak|https://cdn2.bulbagarden.net/upload/thumb/7/75/167Spinarak.png/1200px-167Spinarak.png
#168|Ariados|https://cdn2.bulbagarden.net/upload/thumb/7/76/168Ariados.png/1200px-168Ariados.png
#169|Crobat|https://cdn2.bulbagarden.net/upload/thumb/1/17/169Crobat.png/1200px-169Crobat.png
#170|Chinchou|https://cdn2.bulbagarden.net/upload/thumb/d/d9/170Chinchou.png/1200px-170Chinchou.png
#171|Lanturn|https://cdn2.bulbagarden.net/upload/thumb/9/9b/171Lanturn.png/1200px-171Lanturn.png
#172|Pichu|https://cdn2.bulbagarden.net/upload/b/b9/172Pichu.png
#173|Cleffa|https://cdn2.bulbagarden.net/upload/e/e4/173Cleffa.png
#174|Igglybuff|https://cdn2.bulbagarden.net/upload/4/4d/174Igglybuff.png
#175|Togepi|https://cdn2.bulbagarden.net/upload/6/6b/175Togepi.png
#176|Togetic|https://cdn2.bulbagarden.net/upload/thumb/1/11/176Togetic.png/1200px-176Togetic.png
#177|Natu|https://cdn2.bulbagarden.net/upload/5/5b/177Natu.png
#178|Xatu|https://cdn2.bulbagarden.net/upload/thumb/f/f4/178Xatu.png/1200px-178Xatu.png
#179|Mareep|https://cdn2.bulbagarden.net/upload/thumb/6/6b/179Mareep.png/1200px-179Mareep.png
#180|Flaaffy|https://cdn2.bulbagarden.net/upload/thumb/6/6f/180Flaaffy.png/1200px-180Flaaffy.png
#181|Ampharos|https://cdn2.bulbagarden.net/upload/thumb/4/47/181Ampharos.png/1200px-181Ampharos.png
#182|Bellossom|https://cdn2.bulbagarden.net/upload/c/cd/182Bellossom.png
#183|Marill|https://cdn2.bulbagarden.net/upload/thumb/4/42/183Marill.png/1200px-183Marill.png
#184|Azumarill|https://cdn2.bulbagarden.net/upload/thumb/a/a5/184Azumarill.png/1200px-184Azumarill.png
#185|Sudowoodo|https://cdn2.bulbagarden.net/upload/thumb/1/1e/185Sudowoodo.png/1200px-185Sudowoodo.png
#186|Politoed|https://cdn2.bulbagarden.net/upload/thumb/a/a4/186Politoed.png/1200px-186Politoed.png
#187|Hoppip|https://cdn2.bulbagarden.net/upload/thumb/f/f8/187Hoppip.png/1200px-187Hoppip.png
#188|Skiploom|https://cdn2.bulbagarden.net/upload/4/4f/188Skiploom.png
#189|Jumpluff|https://cdn2.bulbagarden.net/upload/thumb/5/5e/189Jumpluff.png/1200px-189Jumpluff.png
#190|Aipom|https://cdn2.bulbagarden.net/upload/thumb/4/42/190Aipom.png/1200px-190Aipom.png
#191|Sunkern|https://cdn2.bulbagarden.net/upload/9/95/191Sunkern.png
#192|Sunflora|https://cdn2.bulbagarden.net/upload/thumb/9/98/192Sunflora.png/1200px-192Sunflora.png
#193|Yanma|https://cdn2.bulbagarden.net/upload/thumb/d/dd/193Yanma.png/1200px-193Yanma.png
#194|Wooper|https://cdn2.bulbagarden.net/upload/7/78/194Wooper.png
#195|Quagsire|https://cdn2.bulbagarden.net/upload/thumb/a/a4/195Quagsire.png/1200px-195Quagsire.png
#196|Espeon|https://cdn2.bulbagarden.net/upload/thumb/a/a7/196Espeon.png/1200px-196Espeon.png
#197|Umbreon|https://cdn2.bulbagarden.net/upload/thumb/3/3d/197Umbreon.png/1200px-197Umbreon.png
#198|Murkrow|https://cdn2.bulbagarden.net/upload/3/33/198Murkrow.png
#199|Slowking|https://cdn2.bulbagarden.net/upload/e/e1/199Slowking.png
#200|Misdreavus|https://cdn2.bulbagarden.net/upload/b/be/200Misdreavus.png
#201|Unown|https://cdn2.bulbagarden.net/upload/7/77/201Unown.png
#202|Wobbuffet|https://cdn2.bulbagarden.net/upload/thumb/1/17/202Wobbuffet.png/1200px-202Wobbuffet.png
#203|Girafarig|https://cdn2.bulbagarden.net/upload/thumb/1/11/203Girafarig.png/1200px-203Girafarig.png
#204|Pineco|https://cdn2.bulbagarden.net/upload/0/0b/204Pineco.png
#205|Forretress|https://cdn2.bulbagarden.net/upload/thumb/6/68/205Forretress.png/1200px-205Forretress.png
#206|Dunsparce|https://cdn2.bulbagarden.net/upload/2/20/206Dunsparce.png
#207|Gligar|https://cdn2.bulbagarden.net/upload/thumb/0/04/207Gligar.png/1200px-207Gligar.png
#208|Steelix|https://cdn2.bulbagarden.net/upload/thumb/b/ba/208Steelix.png/1200px-208Steelix.png
#209|Snubbull|https://cdn2.bulbagarden.net/upload/thumb/7/7f/209Snubbull.png/1200px-209Snubbull.png
#210|Granbull|https://cdn2.bulbagarden.net/upload/thumb/b/b1/210Granbull.png/1200px-210Granbull.png
#211|Qwilfish|https://cdn2.bulbagarden.net/upload/thumb/2/21/211Qwilfish.png/1200px-211Qwilfish.png
#212|Scizor|https://cdn2.bulbagarden.net/upload/thumb/5/55/212Scizor.png/1200px-212Scizor.png
#213|Shuckle|https://cdn2.bulbagarden.net/upload/thumb/c/c7/213Shuckle.png/1200px-213Shuckle.png
#214|Heracross|https://cdn2.bulbagarden.net/upload/thumb/4/47/214Heracross.png/1200px-214Heracross.png
#215|Sneasel|https://cdn2.bulbagarden.net/upload/thumb/7/71/215Sneasel.png/1200px-215Sneasel.png
#216|Teddiursa|https://cdn2.bulbagarden.net/upload/thumb/e/e9/216Teddiursa.png/1200px-216Teddiursa.png
#217|Ursaring|https://cdn2.bulbagarden.net/upload/thumb/e/e9/217Ursaring.png/1200px-217Ursaring.png
#218|Slugma|https://cdn2.bulbagarden.net/upload/thumb/6/68/218Slugma.png/1200px-218Slugma.png
#219|Magcargo|https://cdn2.bulbagarden.net/upload/thumb/6/65/219Magcargo.png/1200px-219Magcargo.png
#220|Swinub|https://cdn2.bulbagarden.net/upload/b/b5/220Swinub.png
#221|Piloswine|https://cdn2.bulbagarden.net/upload/thumb/4/49/221Piloswine.png/1200px-221Piloswine.png
#222|Corsola|https://cdn2.bulbagarden.net/upload/thumb/f/fc/222Corsola.png/1200px-222Corsola.png
#223|Remoraid|https://cdn2.bulbagarden.net/upload/thumb/9/95/223Remoraid.png/1200px-223Remoraid.png
#224|Octillery|https://cdn2.bulbagarden.net/upload/thumb/c/cb/224Octillery.png/1200px-224Octillery.png
#225|Delibird|https://cdn2.bulbagarden.net/upload/thumb/3/3f/225Delibird.png/1200px-225Delibird.png
#226|Mantine|https://cdn2.bulbagarden.net/upload/thumb/c/c5/226Mantine.png/1200px-226Mantine.png
#227|Skarmory|https://cdn2.bulbagarden.net/upload/thumb/3/35/227Skarmory.png/1200px-227Skarmory.png
#228|Houndour|https://cdn2.bulbagarden.net/upload/5/53/228Houndour.png
#229|Houndoom|https://cdn2.bulbagarden.net/upload/5/51/229Houndoom.png
#230|Kingdra|https://cdn2.bulbagarden.net/upload/thumb/3/3c/230Kingdra.png/1200px-230Kingdra.png
#231|Phanpy|https://cdn2.bulbagarden.net/upload/d/d3/231Phanpy.png
#232|Donphan|https://cdn2.bulbagarden.net/upload/5/53/232Donphan.png
#233|Porygon2|https://cdn2.bulbagarden.net/upload/thumb/9/99/233Porygon2.png/1200px-233Porygon2.png
#234|Stantler|https://cdn2.bulbagarden.net/upload/thumb/5/50/234Stantler.png/1200px-234Stantler.png
#235|Smeargle|https://cdn2.bulbagarden.net/upload/thumb/9/92/235Smeargle.png/1200px-235Smeargle.png
#236|Tyrogue|https://cdn2.bulbagarden.net/upload/thumb/c/c7/236Tyrogue.png/1200px-236Tyrogue.png
#237|Hitmontop|https://cdn2.bulbagarden.net/upload/thumb/9/94/237Hitmontop.png/1200px-237Hitmontop.png
#238|Smoochum|https://cdn2.bulbagarden.net/upload/thumb/0/0e/238Smoochum.png/1200px-238Smoochum.png
#239|Elekid|https://cdn2.bulbagarden.net/upload/5/5d/239Elekid.png
#240|Magby|https://cdn2.bulbagarden.net/upload/thumb/c/cb/240Magby.png/1200px-240Magby.png
#241|Miltank|https://cdn2.bulbagarden.net/upload/thumb/1/13/241Miltank.png/1200px-241Miltank.png
#242|Blissey|https://cdn2.bulbagarden.net/upload/thumb/5/56/242Blissey.png/1200px-242Blissey.png
#243|Raikou|https://cdn2.bulbagarden.net/upload/thumb/c/c1/243Raikou.png/1200px-243Raikou.png
#244|Entei|https://cdn2.bulbagarden.net/upload/thumb/f/f9/244Entei.png/1200px-244Entei.png
#245|Suicune|https://cdn2.bulbagarden.net/upload/thumb/d/da/245Suicune.png/1200px-245Suicune.png
#246|Larvitar|https://cdn2.bulbagarden.net/upload/thumb/7/70/246Larvitar.png/1200px-246Larvitar.png
#247|Pupitar|https://cdn2.bulbagarden.net/upload/thumb/a/a1/247Pupitar.png/1200px-247Pupitar.png
#248|Tyranitar|https://cdn2.bulbagarden.net/upload/thumb/8/82/248Tyranitar.png/1200px-248Tyranitar.png
#249|Lugia|https://cdn2.bulbagarden.net/upload/thumb/4/44/249Lugia.png/1200px-249Lugia.png
#250|Ho-Oh|https://cdn2.bulbagarden.net/upload/thumb/6/67/250Ho-Oh.png/1200px-250Ho-Oh.png
#251|Celebi|https://cdn2.bulbagarden.net/upload/thumb/e/e7/251Celebi.png/1200px-251Celebi.png
#252|Treecko|https://cdn2.bulbagarden.net/upload/2/2c/252Treecko.png
#253|Grovyle|https://cdn2.bulbagarden.net/upload/thumb/e/ea/253Grovyle.png/1200px-253Grovyle.png
#254|Sceptile|https://cdn2.bulbagarden.net/upload/thumb/3/3e/254Sceptile.png/1200px-254Sceptile.png
#255|Torchic|https://cdn2.bulbagarden.net/upload/9/91/255Torchic.png
#256|Combusken|https://cdn2.bulbagarden.net/upload/thumb/2/29/256Combusken.png/1200px-256Combusken.png
#257|Blaziken|https://cdn2.bulbagarden.net/upload/thumb/9/90/257Blaziken.png/1200px-257Blaziken.png
#258|Mudkip|https://cdn2.bulbagarden.net/upload/6/60/258Mudkip.png
#259|Marshtomp|https://cdn2.bulbagarden.net/upload/thumb/2/27/259Marshtomp.png/1200px-259Marshtomp.png
#260|Swampert|https://cdn2.bulbagarden.net/upload/thumb/b/b6/260Swampert.png/1200px-260Swampert.png
#261|Poochyena|https://cdn2.bulbagarden.net/upload/thumb/f/fc/261Poochyena.png/1200px-261Poochyena.png
#262|Mightyena|https://cdn2.bulbagarden.net/upload/f/f1/262Mightyena.png
#263|Zigzagoon|https://cdn2.bulbagarden.net/upload/thumb/4/47/263Zigzagoon.png/1200px-263Zigzagoon.png
#264|Linoone|https://cdn2.bulbagarden.net/upload/f/f7/264Linoone.png
#265|Wurmple|https://cdn2.bulbagarden.net/upload/7/76/265Wurmple.png
#266|Silcoon|https://cdn2.bulbagarden.net/upload/e/ef/266Silcoon.png
#267|Beautifly|https://cdn2.bulbagarden.net/upload/4/4c/267Beautifly.png
#268|Cascoon|https://cdn2.bulbagarden.net/upload/a/a3/268Cascoon.png
#269|Dustox|https://cdn2.bulbagarden.net/upload/3/34/269Dustox.png
#270|Lotad|https://cdn2.bulbagarden.net/upload/e/ee/270Lotad.png
#271|Lombre|https://cdn2.bulbagarden.net/upload/8/8b/271Lombre.png
#272|Ludicolo|https://cdn2.bulbagarden.net/upload/f/ff/272Ludicolo.png
#273|Seedot|https://cdn2.bulbagarden.net/upload/8/84/273Seedot.png
#274|Nuzleaf|https://cdn2.bulbagarden.net/upload/0/07/274Nuzleaf.png
#275|Shiftry|https://cdn2.bulbagarden.net/upload/f/f7/275Shiftry.png
#276|Taillow|https://cdn2.bulbagarden.net/upload/e/e4/276Taillow.png
#277|Swellow|https://cdn2.bulbagarden.net/upload/4/45/277Swellow.png
#278|Wingull|https://cdn2.bulbagarden.net/upload/3/39/278Wingull.png
#279|Pelipper|https://cdn2.bulbagarden.net/upload/thumb/f/f2/279Pelipper.png/1200px-279Pelipper.png
#280|Ralts|https://cdn2.bulbagarden.net/upload/e/e1/280Ralts.png
#281|Kirlia|https://cdn2.bulbagarden.net/upload/0/00/281Kirlia.png
#282|Gardevoir|https://cdn2.bulbagarden.net/upload/thumb/9/99/282Gardevoir.png/1200px-282Gardevoir.png
#283|Surskit|https://cdn2.bulbagarden.net/upload/f/f6/283Surskit.png
#284|Masquerain|https://cdn2.bulbagarden.net/upload/0/0a/284Masquerain.png
#285|Shroomish|https://cdn2.bulbagarden.net/upload/d/d8/285Shroomish.png
#286|Breloom|https://cdn2.bulbagarden.net/upload/d/de/286Breloom.png
#287|Slakoth|https://cdn2.bulbagarden.net/upload/d/d2/287Slakoth.png
#288|Vigoroth|https://cdn2.bulbagarden.net/upload/thumb/6/61/288Vigoroth.png/1200px-288Vigoroth.png
#289|Slaking|https://cdn2.bulbagarden.net/upload/7/71/289Slaking.png
#290|Nincada|https://cdn2.bulbagarden.net/upload/9/90/290Nincada.png
#291|Ninjask|https://cdn2.bulbagarden.net/upload/7/76/291Ninjask.png
#292|Shedinja|https://cdn2.bulbagarden.net/upload/5/59/292Shedinja.png
#293|Whismur|https://cdn2.bulbagarden.net/upload/6/6c/293Whismur.png
#294|Loudred|https://cdn2.bulbagarden.net/upload/1/12/294Loudred.png
#295|Exploud|https://cdn2.bulbagarden.net/upload/1/12/295Exploud.png
#296|Makuhita|https://cdn2.bulbagarden.net/upload/b/b6/296Makuhita.png
#297|Hariyama|https://cdn2.bulbagarden.net/upload/6/6f/297Hariyama.png
#298|Azurill|https://cdn2.bulbagarden.net/upload/a/ac/298Azurill.png
#299|Nosepass|https://cdn2.bulbagarden.net/upload/8/89/299Nosepass.png
#300|Skitty|https://cdn2.bulbagarden.net/upload/thumb/8/8a/300Skitty.png/1200px-300Skitty.png
#301|Delcatty|https://cdn2.bulbagarden.net/upload/f/f4/301Delcatty.png
#302|Sableye|https://cdn2.bulbagarden.net/upload/d/d3/302Sableye.png
#303|Mawile|https://cdn2.bulbagarden.net/upload/thumb/c/c0/303Mawile.png/1200px-303Mawile.png
#304|Aron|https://cdn2.bulbagarden.net/upload/b/bb/304Aron.png
#305|Lairon|https://cdn2.bulbagarden.net/upload/b/bf/305Lairon.png
#306|Aggron|https://cdn2.bulbagarden.net/upload/thumb/6/6d/306Aggron.png/1200px-306Aggron.png
#307|Meditite|https://cdn2.bulbagarden.net/upload/7/71/307Meditite.png
#308|Medicham|https://cdn2.bulbagarden.net/upload/0/05/308Medicham.png
#309|Electrike|https://cdn2.bulbagarden.net/upload/4/47/309Electrike.png
#310|Manectric|https://cdn2.bulbagarden.net/upload/b/bb/310Manectric.png
#311|Plusle|https://cdn2.bulbagarden.net/upload/thumb/a/a3/311Plusle.png/1200px-311Plusle.png
#312|Minun|https://cdn2.bulbagarden.net/upload/thumb/e/e7/312Minun.png/1200px-312Minun.png
#313|Volbeat|https://cdn2.bulbagarden.net/upload/thumb/d/d6/313Volbeat.png/1200px-313Volbeat.png
#314|Illumise|https://cdn2.bulbagarden.net/upload/5/55/314Illumise.png
#315|Roselia|https://cdn2.bulbagarden.net/upload/f/f1/315Roselia.png
#316|Gulpin|https://cdn2.bulbagarden.net/upload/f/f0/316Gulpin.png
#317|Swalot|https://cdn2.bulbagarden.net/upload/a/ad/317Swalot.png
#318|Carvanha|https://cdn2.bulbagarden.net/upload/9/98/318Carvanha.png
#319|Sharpedo|https://cdn2.bulbagarden.net/upload/thumb/a/a8/319Sharpedo.png/1200px-319Sharpedo.png
#320|Wailmer|https://cdn2.bulbagarden.net/upload/7/71/320Wailmer.png
#321|Wailord|https://cdn2.bulbagarden.net/upload/b/b9/321Wailord.png
#322|Numel|https://cdn2.bulbagarden.net/upload/c/c6/322Numel.png
#323|Camerupt|https://cdn2.bulbagarden.net/upload/thumb/7/7d/323Camerupt.png/1200px-323Camerupt.png
#324|Torkoal|https://cdn2.bulbagarden.net/upload/3/3b/324Torkoal.png
#325|Spoink|https://cdn2.bulbagarden.net/upload/9/9e/325Spoink.png
#326|Grumpig|https://cdn2.bulbagarden.net/upload/5/54/326Grumpig.png
#327|Spinda|https://cdn2.bulbagarden.net/upload/8/8f/327Spinda.png
#328|Trapinch|https://cdn2.bulbagarden.net/upload/7/76/328Trapinch.png
#329|Vibrava|https://cdn2.bulbagarden.net/upload/a/af/329Vibrava.png
#330|Flygon|https://cdn2.bulbagarden.net/upload/f/f1/330Flygon.png
#331|Cacnea|https://cdn2.bulbagarden.net/upload/thumb/1/12/331Cacnea.png/1200px-331Cacnea.png
#332|Cacturne|https://cdn2.bulbagarden.net/upload/4/41/332Cacturne.png
#333|Swablu|https://cdn2.bulbagarden.net/upload/9/99/333Swablu.png
#334|Altaria|https://cdn2.bulbagarden.net/upload/d/da/334Altaria.png
#335|Zangoose|https://cdn2.bulbagarden.net/upload/d/d3/335Zangoose.png
#336|Seviper|https://cdn2.bulbagarden.net/upload/d/d6/336Seviper.png
#337|Lunatone|https://cdn2.bulbagarden.net/upload/e/eb/337Lunatone.png
#338|Solrock|https://cdn2.bulbagarden.net/upload/9/90/338Solrock.png
#339|Barboach|https://cdn2.bulbagarden.net/upload/6/60/339Barboach.png
#340|Whiscash|https://cdn2.bulbagarden.net/upload/6/60/340Whiscash.png
#341|Corphish|https://cdn2.bulbagarden.net/upload/3/3d/341Corphish.png
#342|Crawdaunt|https://cdn2.bulbagarden.net/upload/f/f4/342Crawdaunt.png
#343|Baltoy|https://cdn2.bulbagarden.net/upload/8/8b/343Baltoy.png
#344|Claydol|https://cdn2.bulbagarden.net/upload/0/07/344Claydol.png
#345|Lileep|https://cdn2.bulbagarden.net/upload/3/34/345Lileep.png
#346|Cradily|https://cdn2.bulbagarden.net/upload/3/38/346Cradily.png
#347|Anorith|https://cdn2.bulbagarden.net/upload/4/45/347Anorith.png
#348|Armaldo|https://cdn2.bulbagarden.net/upload/1/1d/348Armaldo.png
#349|Feebas|https://cdn2.bulbagarden.net/upload/4/4b/349Feebas.png
#350|Milotic|https://cdn2.bulbagarden.net/upload/3/36/350Milotic.png
#351|Castform|https://cdn2.bulbagarden.net/upload/f/f3/351Castform.png
#352|Kecleon|https://cdn2.bulbagarden.net/upload/5/50/352Kecleon.png
#353|Shuppet|https://cdn2.bulbagarden.net/upload/4/4b/353Shuppet.png
#354|Banette|https://cdn2.bulbagarden.net/upload/0/0a/354Banette.png
#355|Duskull|https://cdn2.bulbagarden.net/upload/e/e2/355Duskull.png
#356|Dusclops|https://cdn2.bulbagarden.net/upload/1/12/356Dusclops.png
#357|Tropius|https://cdn2.bulbagarden.net/upload/d/dd/357Tropius.png
#358|Chimecho|https://cdn2.bulbagarden.net/upload/e/e5/358Chimecho.png
#359|Absol|https://cdn2.bulbagarden.net/upload/thumb/0/00/359Absol.png/1200px-359Absol.png
#360|Wynaut|https://cdn2.bulbagarden.net/upload/thumb/d/d0/360Wynaut.png/1200px-360Wynaut.png
#361|Snorunt|https://cdn2.bulbagarden.net/upload/6/6b/361Snorunt.png
#362|Glalie|https://cdn2.bulbagarden.net/upload/6/62/362Glalie.png
#363|Spheal|https://cdn2.bulbagarden.net/upload/9/9f/363Spheal.png
#364|Sealeo|https://cdn2.bulbagarden.net/upload/f/f6/364Sealeo.png
#365|Walrein|https://cdn2.bulbagarden.net/upload/6/61/365Walrein.png
#366|Clamperl|https://cdn2.bulbagarden.net/upload/1/11/366Clamperl.png
#367|Huntail|https://cdn2.bulbagarden.net/upload/1/11/367Huntail.png
#368|Gorebyss|https://cdn2.bulbagarden.net/upload/3/37/368Gorebyss.png
#369|Relicanth|https://cdn2.bulbagarden.net/upload/7/78/369Relicanth.png
#370|Luvdisc|https://cdn2.bulbagarden.net/upload/1/1d/370Luvdisc.png
#371|Bagon|https://cdn2.bulbagarden.net/upload/d/d2/371Bagon.png
#372|Shelgon|https://cdn2.bulbagarden.net/upload/a/a5/372Shelgon.png
#373|Salamence|https://cdn2.bulbagarden.net/upload/thumb/4/41/373Salamence.png/1200px-373Salamence.png
#374|Beldum|https://cdn2.bulbagarden.net/upload/thumb/d/d4/374Beldum.png/1200px-374Beldum.png
#375|Metang|https://cdn2.bulbagarden.net/upload/thumb/6/62/375Metang.png/1200px-375Metang.png
#376|Metagross|https://cdn2.bulbagarden.net/upload/thumb/0/05/376Metagross.png/1200px-376Metagross.png
#377|Regirock|https://cdn2.bulbagarden.net/upload/thumb/a/aa/377Regirock.png/1200px-377Regirock.png
#378|Regice|https://cdn2.bulbagarden.net/upload/thumb/f/fe/378Regice.png/1200px-378Regice.png
#379|Registeel|https://cdn2.bulbagarden.net/upload/thumb/2/22/379Registeel.png/1200px-379Registeel.png
#380|Latias|https://cdn2.bulbagarden.net/upload/thumb/2/24/380Latias.png/1200px-380Latias.png
#381|Latios|https://cdn2.bulbagarden.net/upload/thumb/5/52/381Latios.png/1200px-381Latios.png
#382|Kyogre|https://cdn2.bulbagarden.net/upload/thumb/4/41/382Kyogre.png/1200px-382Kyogre.png
#383|Groudon|https://cdn2.bulbagarden.net/upload/thumb/7/70/383Groudon.png/1200px-383Groudon.png
#384|Rayquaza|https://cdn2.bulbagarden.net/upload/thumb/e/e4/384Rayquaza.png/1200px-384Rayquaza.png
#385|Jirachi|https://cdn2.bulbagarden.net/upload/thumb/8/85/385Jirachi.png/1200px-385Jirachi.png
#386|Deoxys|https://cdn2.bulbagarden.net/upload/thumb/e/e7/386Deoxys.png/1200px-386Deoxys.png
#387|Turtwig|https://cdn2.bulbagarden.net/upload/thumb/5/5c/387Turtwig.png/1200px-387Turtwig.png
#388|Grotle|https://cdn2.bulbagarden.net/upload/thumb/5/53/388Grotle.png/1200px-388Grotle.png
#389|Torterra|https://cdn2.bulbagarden.net/upload/thumb/d/df/389Torterra.png/1200px-389Torterra.png
#390|Chimchar|https://cdn2.bulbagarden.net/upload/thumb/7/76/390Chimchar.png/1200px-390Chimchar.png
#391|Monferno|https://cdn2.bulbagarden.net/upload/thumb/2/2e/391Monferno.png/1200px-391Monferno.png
#392|Infernape|https://cdn2.bulbagarden.net/upload/thumb/f/fb/392Infernape.png/1200px-392Infernape.png
#393|Piplup|https://cdn2.bulbagarden.net/upload/thumb/b/b1/393Piplup.png/1200px-393Piplup.png
#394|Prinplup|https://cdn2.bulbagarden.net/upload/thumb/d/df/394Prinplup.png/1200px-394Prinplup.png
#395|Empoleon|https://cdn2.bulbagarden.net/upload/thumb/7/7f/395Empoleon.png/1200px-395Empoleon.png
#396|Starly|https://cdn2.bulbagarden.net/upload/thumb/a/af/396Starly.png/1200px-396Starly.png
#397|Staravia|https://cdn2.bulbagarden.net/upload/f/f8/397Staravia.png
#398|Staraptor|https://cdn2.bulbagarden.net/upload/5/5e/398Staraptor.png
#399|Bidoof|https://cdn2.bulbagarden.net/upload/thumb/f/f5/399Bidoof.png/1200px-399Bidoof.png
#400|Bibarel|https://cdn2.bulbagarden.net/upload/9/91/400Bibarel.png
#401|Kricketot|https://cdn2.bulbagarden.net/upload/thumb/3/33/401Kricketot.png/1200px-401Kricketot.png
#402|Kricketune|https://cdn2.bulbagarden.net/upload/e/e5/402Kricketune.png
#403|Shinx|https://cdn2.bulbagarden.net/upload/thumb/3/32/403Shinx.png/1200px-403Shinx.png
#404|Luxio|https://cdn2.bulbagarden.net/upload/4/49/404Luxio.png
#405|Luxray|https://cdn2.bulbagarden.net/upload/a/a7/405Luxray.png
#406|Budew|https://cdn2.bulbagarden.net/upload/thumb/d/d3/406Budew.png/1200px-406Budew.png
#407|Roserade|https://cdn2.bulbagarden.net/upload/0/05/407Roserade.png
#408|Cranidos|https://cdn2.bulbagarden.net/upload/thumb/c/cd/408Cranidos.png/1200px-408Cranidos.png
#409|Rampardos|https://cdn2.bulbagarden.net/upload/8/8a/409Rampardos.png
#410|Shieldon|https://cdn2.bulbagarden.net/upload/thumb/e/e2/410Shieldon.png/1200px-410Shieldon.png
#411|Bastiodon|https://cdn2.bulbagarden.net/upload/b/bc/411Bastiodon.png
#412|Burmy|https://cdn2.bulbagarden.net/upload/thumb/c/c9/412Burmy-Plant.png/1200px-412Burmy-Plant.png
#413|Wormadam|https://cdn2.bulbagarden.net/upload/d/db/413Wormadam-Plant.png
#414|Mothim|https://cdn2.bulbagarden.net/upload/1/18/414Mothim.png
#415|Combee|https://cdn2.bulbagarden.net/upload/b/b6/415Combee.png
#416|Vespiquen|https://cdn2.bulbagarden.net/upload/2/2c/416Vespiquen.png
#417|Pachirisu|https://cdn2.bulbagarden.net/upload/thumb/f/f4/417Pachirisu.png/1200px-417Pachirisu.png
#418|Buizel|https://cdn2.bulbagarden.net/upload/thumb/8/83/418Buizel.png/1200px-418Buizel.png
#419|Floatzel|https://cdn2.bulbagarden.net/upload/b/bf/419Floatzel.png
#420|Cherubi|https://cdn2.bulbagarden.net/upload/a/a7/420Cherubi.png
#421|Cherrim|https://cdn2.bulbagarden.net/upload/2/25/421Cherrim-Overcast.png
#422|Shellos|https://cdn2.bulbagarden.net/upload/thumb/7/72/422Shellos.png/1200px-422Shellos.png
#423|Gastrodon|https://cdn2.bulbagarden.net/upload/1/18/423Gastrodon.png
#424|Ambipom|https://cdn2.bulbagarden.net/upload/8/86/424Ambipom.png
#425|Drifloon|https://cdn2.bulbagarden.net/upload/e/eb/425Drifloon.png
#426|Drifblim|https://cdn2.bulbagarden.net/upload/7/71/426Drifblim.png
#427|Buneary|https://cdn2.bulbagarden.net/upload/thumb/a/a7/427Buneary.png/1200px-427Buneary.png
#428|Lopunny|https://cdn2.bulbagarden.net/upload/thumb/c/c9/428Lopunny.png/1200px-428Lopunny.png
#429|Mismagius|https://cdn2.bulbagarden.net/upload/b/b4/429Mismagius.png
#430|Honchkrow|https://cdn2.bulbagarden.net/upload/4/46/430Honchkrow.png
#431|Glameow|https://cdn2.bulbagarden.net/upload/thumb/2/26/431Glameow.png/1200px-431Glameow.png
#432|Purugly|https://cdn2.bulbagarden.net/upload/8/80/432Purugly.png
#433|Chingling|https://cdn2.bulbagarden.net/upload/thumb/e/ed/433Chingling.png/1200px-433Chingling.png
#434|Stunky|https://cdn2.bulbagarden.net/upload/thumb/7/75/434Stunky.png/1200px-434Stunky.png
#435|Skuntank|https://cdn2.bulbagarden.net/upload/b/bc/435Skuntank.png
#436|Bronzor|https://cdn2.bulbagarden.net/upload/c/c1/436Bronzor.png
#437|Bronzong|https://cdn2.bulbagarden.net/upload/a/aa/437Bronzong.png
#438|Bonsly|https://cdn2.bulbagarden.net/upload/thumb/e/e2/438Bonsly.png/1200px-438Bonsly.png
#439|Mime Jr.|https://cdn2.bulbagarden.net/upload/thumb/3/37/439Mime_Jr.png/1200px-439Mime_Jr.png
#440|Happiny|https://cdn2.bulbagarden.net/upload/thumb/2/27/440Happiny.png/1200px-440Happiny.png
#441|Chatot|https://cdn2.bulbagarden.net/upload/thumb/b/bf/441Chatot.png/1200px-441Chatot.png
#442|Spiritomb|https://cdn2.bulbagarden.net/upload/8/8e/442Spiritomb.png
#443|Gible|https://cdn2.bulbagarden.net/upload/6/68/443Gible.png
#444|Gabite|https://cdn2.bulbagarden.net/upload/9/9d/444Gabite.png
#445|Garchomp|https://cdn2.bulbagarden.net/upload/thumb/f/fa/445Garchomp.png/1200px-445Garchomp.png
#446|Munchlax|https://cdn2.bulbagarden.net/upload/thumb/b/b2/446Munchlax.png/1200px-446Munchlax.png
#447|Riolu|https://cdn2.bulbagarden.net/upload/a/a2/447Riolu.png
#448|Lucario|https://cdn2.bulbagarden.net/upload/thumb/d/d7/448Lucario.png/1200px-448Lucario.png
#449|Hippopotas|https://cdn2.bulbagarden.net/upload/a/ab/449Hippopotas.png
#450|Hippowdon|https://cdn2.bulbagarden.net/upload/thumb/5/5f/450Hippowdon.png/1200px-450Hippowdon.png
#451|Skorupi|https://cdn2.bulbagarden.net/upload/4/47/451Skorupi.png
#452|Drapion|https://cdn2.bulbagarden.net/upload/thumb/1/13/452Drapion.png/1200px-452Drapion.png
#453|Croagunk|https://cdn2.bulbagarden.net/upload/f/fa/453Croagunk.png
#454|Toxicroak|https://cdn2.bulbagarden.net/upload/thumb/8/8b/454Toxicroak.png/1200px-454Toxicroak.png
#455|Carnivine|https://cdn2.bulbagarden.net/upload/thumb/d/df/455Carnivine.png/1200px-455Carnivine.png
#456|Finneon|https://cdn2.bulbagarden.net/upload/4/45/456Finneon.png
#457|Lumineon|https://cdn2.bulbagarden.net/upload/f/f0/457Lumineon.png
#458|Mantyke|https://cdn2.bulbagarden.net/upload/thumb/b/bc/458Mantyke.png/1200px-458Mantyke.png
#459|Snover|https://cdn2.bulbagarden.net/upload/d/d2/459Snover.png
#460|Abomasnow|https://cdn2.bulbagarden.net/upload/3/3b/460Abomasnow.png
#461|Weavile|https://cdn2.bulbagarden.net/upload/thumb/d/d2/461Weavile.png/1200px-461Weavile.png
#462|Magnezone|https://cdn2.bulbagarden.net/upload/5/53/462Magnezone.png
#463|Lickilicky|https://cdn2.bulbagarden.net/upload/thumb/8/8e/463Lickilicky.png/1200px-463Lickilicky.png
#464|Rhyperior|https://cdn2.bulbagarden.net/upload/d/d9/464Rhyperior.png
#465|Tangrowth|https://cdn2.bulbagarden.net/upload/thumb/3/32/465Tangrowth.png/1200px-465Tangrowth.png
#466|Electivire|https://cdn2.bulbagarden.net/upload/thumb/2/23/466Electivire.png/1200px-466Electivire.png
#467|Magmortar|https://cdn2.bulbagarden.net/upload/6/60/467Magmortar.png
#468|Togekiss|https://cdn2.bulbagarden.net/upload/8/87/468Togekiss.png
#469|Yanmega|https://cdn2.bulbagarden.net/upload/e/e6/469Yanmega.png
#470|Leafeon|https://cdn2.bulbagarden.net/upload/thumb/f/f5/470Leafeon.png/1200px-470Leafeon.png
#471|Glaceon|https://cdn2.bulbagarden.net/upload/thumb/2/23/471Glaceon.png/1200px-471Glaceon.png
#472|Gliscor|https://cdn2.bulbagarden.net/upload/a/ac/472Gliscor.png
#473|Mamoswine|https://cdn2.bulbagarden.net/upload/thumb/d/d0/473Mamoswine.png/1200px-473Mamoswine.png
#474|Porygon-Z|https://cdn2.bulbagarden.net/upload/thumb/2/24/474Porygon-Z.png/1200px-474Porygon-Z.png
#475|Gallade|https://cdn2.bulbagarden.net/upload/thumb/5/58/475Gallade.png/1200px-475Gallade.png
#476|Probopass|https://cdn2.bulbagarden.net/upload/a/a6/476Probopass.png
#477|Dusknoir|https://cdn2.bulbagarden.net/upload/4/4f/477Dusknoir.png
#478|Froslass|https://cdn2.bulbagarden.net/upload/thumb/a/a2/478Froslass.png/1200px-478Froslass.png
#479|Rotom|https://cdn2.bulbagarden.net/upload/thumb/c/c5/479Rotom.png/1200px-479Rotom.png
#480|Uxie|https://cdn2.bulbagarden.net/upload/thumb/e/ef/480Uxie.png/1200px-480Uxie.png
#481|Mesprit|https://cdn2.bulbagarden.net/upload/thumb/4/40/481Mesprit.png/1200px-481Mesprit.png
#482|Azelf|https://cdn2.bulbagarden.net/upload/thumb/d/d0/482Azelf.png/1200px-482Azelf.png
#483|Dialga|https://cdn2.bulbagarden.net/upload/thumb/8/8a/483Dialga.png/1200px-483Dialga.png
#484|Palkia|https://cdn2.bulbagarden.net/upload/thumb/6/66/484Palkia.png/1200px-484Palkia.png
#485|Heatran|https://cdn2.bulbagarden.net/upload/thumb/b/b7/485Heatran.png/1200px-485Heatran.png
#486|Regigigas|https://cdn2.bulbagarden.net/upload/thumb/a/a1/486Regigigas.png/1200px-486Regigigas.png
#487|Giratina|https://cdn2.bulbagarden.net/upload/thumb/c/c5/487Giratina-Altered.png/1200px-487Giratina-Altered.png
#488|Cresselia|https://cdn2.bulbagarden.net/upload/thumb/4/4a/488Cresselia.png/1200px-488Cresselia.png
#489|Phione|https://cdn2.bulbagarden.net/upload/thumb/7/72/489Phione.png/1200px-489Phione.png
#490|Manaphy|https://cdn2.bulbagarden.net/upload/thumb/2/2e/490Manaphy.png/1200px-490Manaphy.png
#491|Darkrai|https://cdn2.bulbagarden.net/upload/thumb/6/6d/491Darkrai.png/1200px-491Darkrai.png
#492|Shaymin|https://cdn2.bulbagarden.net/upload/thumb/0/05/492Shaymin-Land.png/1200px-492Shaymin-Land.png
#493|Arceus|https://cdn2.bulbagarden.net/upload/thumb/f/fc/493Arceus.png/1200px-493Arceus.png
#494|Victini|https://cdn2.bulbagarden.net/upload/thumb/6/60/494Victini.png/1200px-494Victini.png
#495|Snivy|https://cdn2.bulbagarden.net/upload/thumb/7/75/495Snivy.png/1200px-495Snivy.png
#496|Servine|https://cdn2.bulbagarden.net/upload/thumb/7/73/496Servine.png/1200px-496Servine.png
#497|Serperior|https://cdn2.bulbagarden.net/upload/thumb/b/b7/497Serperior.png/1200px-497Serperior.png
#498|Tepig|https://cdn2.bulbagarden.net/upload/thumb/5/5b/498Tepig.png/1200px-498Tepig.png
#499|Pignite|https://cdn2.bulbagarden.net/upload/thumb/e/e8/499Pignite.png/1200px-499Pignite.png
#500|Emboar|https://cdn2.bulbagarden.net/upload/1/18/500Emboar.png
#501|Oshawott|https://cdn2.bulbagarden.net/upload/thumb/3/3b/501Oshawott.png/1200px-501Oshawott.png
#502|Dewott|https://cdn2.bulbagarden.net/upload/thumb/e/e4/502Dewott.png/1200px-502Dewott.png
#503|Samurott|https://cdn2.bulbagarden.net/upload/thumb/b/b5/503Samurott.png/1200px-503Samurott.png
#504|Patrat|https://cdn2.bulbagarden.net/upload/thumb/c/cb/504Patrat.png/1200px-504Patrat.png
#505|Watchog|https://cdn2.bulbagarden.net/upload/thumb/3/3e/505Watchog.png/1200px-505Watchog.png
#506|Lillipup|https://cdn2.bulbagarden.net/upload/thumb/7/7e/506Lillipup.png/1200px-506Lillipup.png
#507|Herdier|https://cdn2.bulbagarden.net/upload/thumb/9/96/507Herdier.png/1200px-507Herdier.png
#508|Stoutland|https://cdn2.bulbagarden.net/upload/thumb/3/3e/508Stoutland.png/1200px-508Stoutland.png
#509|Purrloin|https://cdn2.bulbagarden.net/upload/thumb/4/46/509Purrloin.png/1200px-509Purrloin.png
#510|Liepard|https://cdn2.bulbagarden.net/upload/thumb/0/09/510Liepard.png/1200px-510Liepard.png
#511|Pansage|https://cdn2.bulbagarden.net/upload/thumb/6/6b/511Pansage.png/1200px-511Pansage.png
#512|Simisage|https://cdn2.bulbagarden.net/upload/thumb/2/24/512Simisage.png/1200px-512Simisage.png
#513|Pansear|https://cdn2.bulbagarden.net/upload/thumb/e/e1/513Pansear.png/1200px-513Pansear.png
#514|Simisear|https://cdn2.bulbagarden.net/upload/thumb/7/7c/514Simisear.png/1200px-514Simisear.png
#515|Panpour|https://cdn2.bulbagarden.net/upload/thumb/2/2f/515Panpour.png/1200px-515Panpour.png
#516|Simipour|https://cdn2.bulbagarden.net/upload/thumb/8/83/516Simipour.png/1200px-516Simipour.png
#517|Munna|https://cdn2.bulbagarden.net/upload/thumb/6/61/517Munna.png/1200px-517Munna.png
#518|Musharna|https://cdn2.bulbagarden.net/upload/thumb/2/2d/518Musharna.png/1200px-518Musharna.png
#519|Pidove|https://cdn2.bulbagarden.net/upload/thumb/c/c3/519Pidove.png/1200px-519Pidove.png
#520|Tranquill|https://cdn2.bulbagarden.net/upload/thumb/a/a3/520Tranquill.png/1200px-520Tranquill.png
#521|Unfezant|https://cdn2.bulbagarden.net/upload/d/d0/521Unfezant.png
#522|Blitzle|https://cdn2.bulbagarden.net/upload/thumb/a/af/522Blitzle.png/1200px-522Blitzle.png
#523|Zebstrika|https://cdn2.bulbagarden.net/upload/thumb/a/a1/523Zebstrika.png/1200px-523Zebstrika.png
#524|Roggenrola|https://cdn2.bulbagarden.net/upload/thumb/6/69/524Roggenrola.png/1200px-524Roggenrola.png
#525|Boldore|https://cdn2.bulbagarden.net/upload/thumb/c/ce/525Boldore.png/1200px-525Boldore.png
#526|Gigalith|https://cdn2.bulbagarden.net/upload/thumb/5/59/526Gigalith.png/1200px-526Gigalith.png
#527|Woobat|https://cdn2.bulbagarden.net/upload/thumb/3/36/527Woobat.png/1200px-527Woobat.png
#528|Swoobat|https://cdn2.bulbagarden.net/upload/thumb/9/9d/528Swoobat.png/1200px-528Swoobat.png
#529|Drilbur|https://cdn2.bulbagarden.net/upload/thumb/c/cf/529Drilbur.png/1200px-529Drilbur.png
#530|Excadrill|https://cdn2.bulbagarden.net/upload/thumb/6/63/530Excadrill.png/1200px-530Excadrill.png
#531|Audino|https://cdn2.bulbagarden.net/upload/thumb/f/f5/531Audino.png/1200px-531Audino.png
#532|Timburr|https://cdn2.bulbagarden.net/upload/6/69/532Timburr.png
#533|Gurdurr|https://cdn2.bulbagarden.net/upload/thumb/a/ad/533Gurdurr.png/1200px-533Gurdurr.png
#534|Conkeldurr|https://cdn2.bulbagarden.net/upload/thumb/1/11/534Conkeldurr.png/1200px-534Conkeldurr.png
#535|Tympole|https://cdn2.bulbagarden.net/upload/thumb/c/c9/535Tympole.png/1200px-535Tympole.png
#536|Palpitoad|https://cdn2.bulbagarden.net/upload/thumb/c/c9/536Palpitoad.png/1200px-536Palpitoad.png
#537|Seismitoad|https://cdn2.bulbagarden.net/upload/thumb/3/35/537Seismitoad.png/1200px-537Seismitoad.png
#538|Throh|https://cdn2.bulbagarden.net/upload/thumb/7/74/538Throh.png/1200px-538Throh.png
#539|Sawk|https://cdn2.bulbagarden.net/upload/thumb/a/a8/539Sawk.png/1200px-539Sawk.png
#540|Sewaddle|https://cdn2.bulbagarden.net/upload/thumb/4/4a/540Sewaddle.png/1200px-540Sewaddle.png
#541|Swadloon|https://cdn2.bulbagarden.net/upload/thumb/2/2b/541Swadloon.png/1200px-541Swadloon.png
#542|Leavanny|https://cdn2.bulbagarden.net/upload/thumb/8/8e/542Leavanny.png/1200px-542Leavanny.png
#543|Venipede|https://cdn2.bulbagarden.net/upload/thumb/0/0e/543Venipede.png/1200px-543Venipede.png
#544|Whirlipede|https://cdn2.bulbagarden.net/upload/thumb/b/bc/544Whirlipede.png/1200px-544Whirlipede.png
#545|Scolipede|https://cdn2.bulbagarden.net/upload/thumb/c/cb/545Scolipede.png/1200px-545Scolipede.png
#546|Cottonee|https://cdn2.bulbagarden.net/upload/thumb/4/44/546Cottonee.png/1200px-546Cottonee.png
#547|Whimsicott|https://cdn2.bulbagarden.net/upload/thumb/a/a2/547Whimsicott.png/1200px-547Whimsicott.png
#548|Petilil|https://cdn2.bulbagarden.net/upload/thumb/0/0b/548Petilil.png/1200px-548Petilil.png
#549|Lilligant|https://cdn2.bulbagarden.net/upload/thumb/2/21/549Lilligant.png/1200px-549Lilligant.png
#550|Basculin|https://cdn2.bulbagarden.net/upload/2/2f/550Basculin.png
#551|Sandile|https://cdn2.bulbagarden.net/upload/thumb/2/26/551Sandile.png/1200px-551Sandile.png
#552|Krokorok|https://cdn2.bulbagarden.net/upload/thumb/d/d4/552Krokorok.png/1200px-552Krokorok.png
#553|Krookodile|https://cdn2.bulbagarden.net/upload/thumb/e/e5/553Krookodile.png/1200px-553Krookodile.png
#554|Darumaka|https://cdn2.bulbagarden.net/upload/thumb/4/4c/554Darumaka.png/1200px-554Darumaka.png
#555|Darmanitan|https://cdn2.bulbagarden.net/upload/thumb/4/40/555Darmanitan.png/1200px-555Darmanitan.png
#556|Maractus|https://cdn2.bulbagarden.net/upload/thumb/3/35/556Maractus.png/1200px-556Maractus.png
#557|Dwebble|https://cdn2.bulbagarden.net/upload/thumb/6/6b/557Dwebble.png/1200px-557Dwebble.png
#558|Crustle|https://cdn2.bulbagarden.net/upload/thumb/1/19/558Crustle.png/1200px-558Crustle.png
#559|Scraggy|https://cdn2.bulbagarden.net/upload/thumb/d/dc/559Scraggy.png/1200px-559Scraggy.png
#560|Scrafty|https://cdn2.bulbagarden.net/upload/thumb/e/e8/560Scrafty.png/1200px-560Scrafty.png
#561|Sigilyph|https://cdn2.bulbagarden.net/upload/thumb/6/67/561Sigilyph.png/1200px-561Sigilyph.png
#562|Yamask|https://cdn2.bulbagarden.net/upload/thumb/a/a4/562Yamask.png/1200px-562Yamask.png
#563|Cofagrigus|https://cdn2.bulbagarden.net/upload/thumb/f/f8/563Cofagrigus.png/1200px-563Cofagrigus.png
#564|Tirtouga|https://cdn2.bulbagarden.net/upload/thumb/1/1a/564Tirtouga.png/1200px-564Tirtouga.png
#565|Carracosta|https://cdn2.bulbagarden.net/upload/thumb/d/d0/565Carracosta.png/1200px-565Carracosta.png
#566|Archen|https://cdn2.bulbagarden.net/upload/thumb/a/a3/566Archen.png/1200px-566Archen.png
#567|Archeops|https://cdn2.bulbagarden.net/upload/thumb/1/14/567Archeops.png/1200px-567Archeops.png
#568|Trubbish|https://cdn2.bulbagarden.net/upload/thumb/e/e2/568Trubbish.png/1200px-568Trubbish.png
#569|Garbodor|https://cdn2.bulbagarden.net/upload/c/c4/569Garbodor.png
#570|Zorua|https://cdn2.bulbagarden.net/upload/thumb/2/2b/570Zorua.png/1200px-570Zorua.png
#571|Zoroark|https://cdn2.bulbagarden.net/upload/thumb/a/a6/571Zoroark.png/1200px-571Zoroark.png
#572|Minccino|https://cdn2.bulbagarden.net/upload/thumb/e/ec/572Minccino.png/1200px-572Minccino.png
#573|Cinccino|https://cdn2.bulbagarden.net/upload/thumb/9/94/573Cinccino.png/1200px-573Cinccino.png
#574|Gothita|https://cdn2.bulbagarden.net/upload/thumb/7/71/574Gothita.png/1200px-574Gothita.png
#575|Gothorita|https://cdn2.bulbagarden.net/upload/thumb/6/67/575Gothorita.png/1200px-575Gothorita.png
#576|Gothitelle|https://cdn2.bulbagarden.net/upload/thumb/3/38/576Gothitelle.png/1200px-576Gothitelle.png
#577|Solosis|https://cdn2.bulbagarden.net/upload/thumb/1/1e/577Solosis.png/1200px-577Solosis.png
#578|Duosion|https://cdn2.bulbagarden.net/upload/thumb/8/83/578Duosion.png/1200px-578Duosion.png
#579|Reuniclus|https://cdn2.bulbagarden.net/upload/thumb/1/19/579Reuniclus.png/1200px-579Reuniclus.png
#580|Ducklett|https://cdn2.bulbagarden.net/upload/thumb/4/4b/580Ducklett.png/1200px-580Ducklett.png
#581|Swanna|https://cdn2.bulbagarden.net/upload/thumb/7/76/581Swanna.png/1200px-581Swanna.png
#582|Vanillite|https://cdn2.bulbagarden.net/upload/thumb/3/3f/582Vanillite.png/1200px-582Vanillite.png
#583|Vanillish|https://cdn2.bulbagarden.net/upload/2/2f/583Vanillish.png
#584|Vanilluxe|https://cdn2.bulbagarden.net/upload/3/39/584Vanilluxe.png
#585|Deerling|https://cdn2.bulbagarden.net/upload/thumb/6/68/585Deerling-Spring.png/1200px-585Deerling-Spring.png
#586|Sawsbuck|https://cdn2.bulbagarden.net/upload/thumb/8/8d/586Sawsbuck-Spring.png/1200px-586Sawsbuck-Spring.png
#587|Emolga|https://cdn2.bulbagarden.net/upload/thumb/b/b4/587Emolga.png/1200px-587Emolga.png
#588|Karrablast|https://cdn2.bulbagarden.net/upload/thumb/6/60/588Karrablast.png/1200px-588Karrablast.png
#589|Escavalier|https://cdn2.bulbagarden.net/upload/thumb/6/63/589Escavalier.png/1200px-589Escavalier.png
#590|Foongus|https://cdn2.bulbagarden.net/upload/thumb/c/cc/590Foongus.png/1200px-590Foongus.png
#591|Amoonguss|https://cdn2.bulbagarden.net/upload/thumb/1/13/591Amoonguss.png/1200px-591Amoonguss.png
#592|Frillish|https://cdn2.bulbagarden.net/upload/thumb/8/88/592Frillish.png/1200px-592Frillish.png
#593|Jellicent|https://cdn2.bulbagarden.net/upload/thumb/5/5c/593Jellicent.png/1200px-593Jellicent.png
#594|Alomomola|https://cdn2.bulbagarden.net/upload/thumb/1/10/594Alomomola.png/1200px-594Alomomola.png
#595|Joltik|https://cdn2.bulbagarden.net/upload/thumb/f/f8/595Joltik.png/1200px-595Joltik.png
#596|Galvantula|https://cdn2.bulbagarden.net/upload/thumb/7/7a/596Galvantula.png/1200px-596Galvantula.png
#597|Ferroseed|https://cdn2.bulbagarden.net/upload/thumb/2/28/597Ferroseed.png/1200px-597Ferroseed.png
#598|Ferrothorn|https://cdn2.bulbagarden.net/upload/6/6c/598Ferrothorn.png
#599|Klink|https://cdn2.bulbagarden.net/upload/thumb/e/ea/599Klink.png/1200px-599Klink.png
#600|Klang|https://cdn2.bulbagarden.net/upload/thumb/8/80/600Klang.png/1200px-600Klang.png
#601|Klinklang|https://cdn2.bulbagarden.net/upload/c/cf/601Klinklang.png
#602|Tynamo|https://cdn2.bulbagarden.net/upload/thumb/5/5e/602Tynamo.png/1200px-602Tynamo.png
#603|Eelektrik|https://cdn2.bulbagarden.net/upload/thumb/c/c7/603Eelektrik.png/1200px-603Eelektrik.png
#604|Eelektross|https://cdn2.bulbagarden.net/upload/6/6c/604Eelektross.png
#605|Elgyem|https://cdn2.bulbagarden.net/upload/f/fd/605Elgyem.png
#606|Beheeyem|https://cdn2.bulbagarden.net/upload/2/2c/606Beheeyem.png
#607|Litwick|https://cdn2.bulbagarden.net/upload/thumb/8/8e/607Litwick.png/1200px-607Litwick.png
#608|Lampent|https://cdn2.bulbagarden.net/upload/a/a5/608Lampent.png
#609|Chandelure|https://cdn2.bulbagarden.net/upload/6/65/609Chandelure.png
#610|Axew|https://cdn2.bulbagarden.net/upload/thumb/5/5c/610Axew.png/1200px-610Axew.png
#611|Fraxure|https://cdn2.bulbagarden.net/upload/thumb/0/05/611Fraxure.png/1200px-611Fraxure.png
#612|Haxorus|https://cdn2.bulbagarden.net/upload/thumb/8/8f/612Haxorus.png/1200px-612Haxorus.png
#613|Cubchoo|https://cdn2.bulbagarden.net/upload/thumb/7/72/613Cubchoo.png/1200px-613Cubchoo.png
#614|Beartic|https://cdn2.bulbagarden.net/upload/4/40/614Beartic.png
#615|Cryogonal|https://cdn2.bulbagarden.net/upload/1/11/615Cryogonal.png
#616|Shelmet|https://cdn2.bulbagarden.net/upload/thumb/f/f6/616Shelmet.png/1200px-616Shelmet.png
#617|Accelgor|https://cdn2.bulbagarden.net/upload/thumb/3/34/617Accelgor.png/1200px-617Accelgor.png
#618|Stunfisk|https://cdn2.bulbagarden.net/upload/d/d2/618Stunfisk.png
#619|Mienfoo|https://cdn2.bulbagarden.net/upload/4/41/619Mienfoo.png
#620|Mienshao|https://cdn2.bulbagarden.net/upload/2/20/620Mienshao.png
#621|Druddigon|https://cdn2.bulbagarden.net/upload/thumb/a/ad/621Druddigon.png/1200px-621Druddigon.png
#622|Golett|https://cdn2.bulbagarden.net/upload/a/ac/622Golett.png
#623|Golurk|https://cdn2.bulbagarden.net/upload/6/68/623Golurk.png
#624|Pawniard|https://cdn2.bulbagarden.net/upload/9/9c/624Pawniard.png
#625|Bisharp|https://cdn2.bulbagarden.net/upload/7/74/625Bisharp.png
#626|Bouffalant|https://cdn2.bulbagarden.net/upload/thumb/a/a4/626Bouffalant.png/1200px-626Bouffalant.png
#627|Rufflet|https://cdn2.bulbagarden.net/upload/b/bb/627Rufflet.png
#628|Braviary|https://cdn2.bulbagarden.net/upload/thumb/c/cf/628Braviary.png/1200px-628Braviary.png
#629|Vullaby|https://cdn2.bulbagarden.net/upload/f/f2/629Vullaby.png
#630|Mandibuzz|https://cdn2.bulbagarden.net/upload/0/00/630Mandibuzz.png
#631|Heatmor|https://cdn2.bulbagarden.net/upload/b/b0/631Heatmor.png
#632|Durant|https://cdn2.bulbagarden.net/upload/1/1a/632Durant.png
#633|Deino|https://cdn2.bulbagarden.net/upload/f/f7/633Deino.png
#634|Zweilous|https://cdn2.bulbagarden.net/upload/a/a6/634Zweilous.png
#635|Hydreigon|https://cdn2.bulbagarden.net/upload/thumb/3/3e/635Hydreigon.png/1200px-635Hydreigon.png
#636|Larvesta|https://cdn2.bulbagarden.net/upload/f/f4/636Larvesta.png
#637|Volcarona|https://cdn2.bulbagarden.net/upload/6/6b/637Volcarona.png
#638|Cobalion|https://cdn2.bulbagarden.net/upload/thumb/6/65/638Cobalion.png/1200px-638Cobalion.png
#639|Terrakion|https://cdn2.bulbagarden.net/upload/thumb/a/ad/639Terrakion.png/1200px-639Terrakion.png
#640|Virizion|https://cdn2.bulbagarden.net/upload/thumb/7/79/640Virizion.png/1200px-640Virizion.png
#641|Tornadus|https://cdn2.bulbagarden.net/upload/thumb/0/08/641Tornadus.png/1200px-641Tornadus.png
#642|Thundurus|https://cdn2.bulbagarden.net/upload/thumb/b/b8/642Thundurus.png/1200px-642Thundurus.png
#643|Reshiram|https://cdn2.bulbagarden.net/upload/thumb/8/8d/643Reshiram.png/1200px-643Reshiram.png
#644|Zekrom|https://cdn2.bulbagarden.net/upload/thumb/8/81/644Zekrom.png/1200px-644Zekrom.png
#645|Landorus|https://cdn2.bulbagarden.net/upload/thumb/b/bb/645Landorus.png/1200px-645Landorus.png
#646|Kyurem|https://cdn2.bulbagarden.net/upload/thumb/c/c3/646Kyurem.png/1200px-646Kyurem.png
#647|Keldeo|https://cdn2.bulbagarden.net/upload/thumb/5/50/647Keldeo.png/1200px-647Keldeo.png
#648|Meloetta|https://cdn2.bulbagarden.net/upload/thumb/a/a3/648Meloetta.png/1200px-648Meloetta.png
#649|Genesect|https://cdn2.bulbagarden.net/upload/thumb/4/46/649Genesect.png/1200px-649Genesect.png
#650|Chespin|https://cdn2.bulbagarden.net/upload/thumb/c/ca/650Chespin.png/1200px-650Chespin.png
#651|Quilladin|https://cdn2.bulbagarden.net/upload/thumb/7/71/651Quilladin.png/1200px-651Quilladin.png
#652|Chesnaught|https://cdn2.bulbagarden.net/upload/1/18/652Chesnaught.png
#653|Fennekin|https://cdn2.bulbagarden.net/upload/thumb/3/3d/653Fennekin.png/1200px-653Fennekin.png
#654|Braixen|https://cdn2.bulbagarden.net/upload/thumb/0/09/654Braixen.png/1200px-654Braixen.png
#655|Delphox|https://cdn2.bulbagarden.net/upload/2/21/655Delphox.png
#656|Froakie|https://cdn2.bulbagarden.net/upload/thumb/1/18/656Froakie.png/1200px-656Froakie.png
#657|Frogadier|https://cdn2.bulbagarden.net/upload/thumb/f/fc/657Frogadier.png/1200px-657Frogadier.png
#658|Greninja|https://cdn2.bulbagarden.net/upload/thumb/6/67/658Greninja.png/1200px-658Greninja.png
#659|Bunnelby|https://cdn2.bulbagarden.net/upload/thumb/7/70/659Bunnelby.png/1200px-659Bunnelby.png
#660|Diggersby|https://cdn2.bulbagarden.net/upload/3/34/660Diggersby.png
#661|Fletchling|https://cdn2.bulbagarden.net/upload/7/7e/661Fletchling.png
#662|Fletchinder|https://cdn2.bulbagarden.net/upload/c/ce/662Fletchinder.png
#663|Talonflame|https://cdn2.bulbagarden.net/upload/thumb/a/ae/663Talonflame.png/1200px-663Talonflame.png
#664|Scatterbug|https://cdn2.bulbagarden.net/upload/thumb/d/d3/664Scatterbug.png/1200px-664Scatterbug.png
#665|Spewpa|https://cdn2.bulbagarden.net/upload/thumb/b/b7/665Spewpa.png/1200px-665Spewpa.png
#666|Vivillon|https://cdn2.bulbagarden.net/upload/thumb/4/4c/666Vivillon.png/1200px-666Vivillon.png
#667|Litleo|https://cdn2.bulbagarden.net/upload/thumb/1/1f/667Litleo.png/1200px-667Litleo.png
#668|Pyroar|https://cdn2.bulbagarden.net/upload/thumb/7/70/668Pyroar.png/1200px-668Pyroar.png
#669|Flabébé|https://cdn2.bulbagarden.net/upload/thumb/5/52/669Flab%C3%A9b%C3%A9.png/1200px-669Flab%C3%A9b%C3%A9.png
#670|Floette|https://cdn2.bulbagarden.net/upload/1/17/670Floette.png
#671|Florges|https://cdn2.bulbagarden.net/upload/3/37/671Florges.png
#672|Skiddo|https://cdn2.bulbagarden.net/upload/5/5d/672Skiddo.png
#673|Gogoat|https://cdn2.bulbagarden.net/upload/thumb/b/bc/673Gogoat.png/1200px-673Gogoat.png
#674|Pancham|https://cdn2.bulbagarden.net/upload/thumb/1/1c/674Pancham.png/1200px-674Pancham.png
#675|Pangoro|https://cdn2.bulbagarden.net/upload/thumb/0/08/675Pangoro.png/1200px-675Pangoro.png
#676|Furfrou|https://cdn2.bulbagarden.net/upload/thumb/4/49/676Furfrou.png/1200px-676Furfrou.png
#677|Espurr|https://cdn2.bulbagarden.net/upload/0/09/677Espurr.png
#678|Meowstic|https://cdn2.bulbagarden.net/upload/thumb/a/a6/678Meowstic.png/1200px-678Meowstic.png
#679|Honedge|https://cdn2.bulbagarden.net/upload/thumb/3/35/679Honedge.png/1200px-679Honedge.png
#680|Doublade|https://cdn2.bulbagarden.net/upload/e/ef/680Doublade.png
#681|Aegislash|https://cdn2.bulbagarden.net/upload/a/ad/681Aegislash.png
#682|Spritzee|https://cdn2.bulbagarden.net/upload/thumb/6/66/682Spritzee.png/1200px-682Spritzee.png
#683|Aromatisse|https://cdn2.bulbagarden.net/upload/d/d9/683Aromatisse.png
#684|Swirlix|https://cdn2.bulbagarden.net/upload/thumb/b/bf/684Swirlix.png/1200px-684Swirlix.png
#685|Slurpuff|https://cdn2.bulbagarden.net/upload/8/8d/685Slurpuff.png
#686|Inkay|https://cdn2.bulbagarden.net/upload/thumb/7/70/686Inkay.png/1200px-686Inkay.png
#687|Malamar|https://cdn2.bulbagarden.net/upload/thumb/e/e4/687Malamar.png/1200px-687Malamar.png
#688|Binacle|https://cdn2.bulbagarden.net/upload/5/5b/688Binacle.png
#689|Barbaracle|https://cdn2.bulbagarden.net/upload/4/48/689Barbaracle.png
#690|Skrelp|https://cdn2.bulbagarden.net/upload/thumb/4/4e/690Skrelp.png/1200px-690Skrelp.png
#691|Dragalge|https://cdn2.bulbagarden.net/upload/a/a9/691Dragalge.png
#692|Clauncher|https://cdn2.bulbagarden.net/upload/thumb/f/fb/692Clauncher.png/1200px-692Clauncher.png
#693|Clawitzer|https://cdn2.bulbagarden.net/upload/d/d3/693Clawitzer.png
#694|Helioptile|https://cdn2.bulbagarden.net/upload/thumb/5/51/694Helioptile.png/1200px-694Helioptile.png
#695|Heliolisk|https://cdn2.bulbagarden.net/upload/f/f6/695Heliolisk.png
#696|Tyrunt|https://cdn2.bulbagarden.net/upload/thumb/c/c3/696Tyrunt.png/1200px-696Tyrunt.png
#697|Tyrantrum|https://cdn2.bulbagarden.net/upload/thumb/8/8b/697Tyrantrum.png/1200px-697Tyrantrum.png
#698|Amaura|https://cdn2.bulbagarden.net/upload/thumb/2/2a/698Amaura.png/1200px-698Amaura.png
#699|Aurorus|https://cdn2.bulbagarden.net/upload/thumb/9/9e/699Aurorus.png/1200px-699Aurorus.png
#700|Sylveon|https://cdn2.bulbagarden.net/upload/thumb/e/e8/700Sylveon.png/1200px-700Sylveon.png
#701|Hawlucha|https://cdn2.bulbagarden.net/upload/4/44/701Hawlucha.png
#702|Dedenne|https://cdn2.bulbagarden.net/upload/c/c9/702Dedenne.png
#703|Carbink|https://cdn2.bulbagarden.net/upload/f/fa/703Carbink.png
#704|Goomy|https://cdn2.bulbagarden.net/upload/2/28/704Goomy.png
#705|Sliggoo|https://cdn2.bulbagarden.net/upload/9/95/705Sliggoo.png
#706|Goodra|https://cdn2.bulbagarden.net/upload/d/df/706Goodra.png
#707|Klefki|https://cdn2.bulbagarden.net/upload/0/04/707Klefki.png
#708|Phantump|https://cdn2.bulbagarden.net/upload/7/72/708Phantump.png
#709|Trevenant|https://cdn2.bulbagarden.net/upload/4/4b/709Trevenant.png
#710|Pumpkaboo|https://cdn2.bulbagarden.net/upload/d/df/710Pumpkaboo.png
#711|Gourgeist|https://cdn2.bulbagarden.net/upload/8/88/711Gourgeist.png
#712|Bergmite|https://cdn2.bulbagarden.net/upload/c/c3/712Bergmite.png
#713|Avalugg|https://cdn2.bulbagarden.net/upload/0/04/713Avalugg.png
#714|Noibat|https://cdn2.bulbagarden.net/upload/0/07/714Noibat.png
#715|Noivern|https://cdn2.bulbagarden.net/upload/thumb/1/15/715Noivern.png/1200px-715Noivern.png
#716|Xerneas|https://cdn2.bulbagarden.net/upload/thumb/1/13/716Xerneas.png/1200px-716Xerneas.png
#717|Yveltal|https://cdn2.bulbagarden.net/upload/thumb/5/54/717Yveltal.png/1200px-717Yveltal.png
#718|Zygarde|https://cdn2.bulbagarden.net/upload/thumb/3/3a/718Zygarde.png/1200px-718Zygarde.png
#719|Diancie|https://cdn2.bulbagarden.net/upload/thumb/b/b3/719Diancie.png/1200px-719Diancie.png
#720|Hoopa|https://cdn2.bulbagarden.net/upload/thumb/f/fb/720Hoopa.png/1200px-720Hoopa.png
#721|Volcanion|https://cdn2.bulbagarden.net/upload/thumb/4/44/721Volcanion.png/1200px-721Volcanion.png
#722|Rowlet|https://cdn2.bulbagarden.net/upload/thumb/7/74/722Rowlet.png/1200px-722Rowlet.png
#723|Dartrix|https://cdn2.bulbagarden.net/upload/thumb/1/1e/723Dartrix.png/1200px-723Dartrix.png
#724|Decidueye|https://cdn2.bulbagarden.net/upload/thumb/a/a4/724Decidueye.png/1200px-724Decidueye.png
#725|Litten|https://cdn2.bulbagarden.net/upload/thumb/0/0e/725Litten.png/1200px-725Litten.png
#726|Torracat|https://cdn2.bulbagarden.net/upload/thumb/d/dc/726Torracat.png/1200px-726Torracat.png
#727|Incineroar|https://cdn2.bulbagarden.net/upload/thumb/2/27/727Incineroar.png/1200px-727Incineroar.png
#728|Popplio|https://cdn2.bulbagarden.net/upload/thumb/d/d8/728Popplio.png/1200px-728Popplio.png
#729|Brionne|https://cdn2.bulbagarden.net/upload/thumb/c/cd/729Brionne.png/1200px-729Brionne.png
#730|Primarina|https://cdn2.bulbagarden.net/upload/thumb/8/89/730Primarina.png/1200px-730Primarina.png
#731|Pikipek|https://cdn2.bulbagarden.net/upload/thumb/1/15/731Pikipek.png/1200px-731Pikipek.png
#732|Trumbeak|https://cdn2.bulbagarden.net/upload/5/5c/732Trumbeak.png
#733|Toucannon|https://cdn2.bulbagarden.net/upload/7/78/733Toucannon.png
#734|Yungoos|https://cdn2.bulbagarden.net/upload/thumb/0/08/734Yungoos.png/1200px-734Yungoos.png
#735|Gumshoos|https://cdn2.bulbagarden.net/upload/thumb/b/ba/735Gumshoos.png/1200px-735Gumshoos.png
#736|Grubbin|https://cdn2.bulbagarden.net/upload/thumb/1/14/736Grubbin.png/1200px-736Grubbin.png
#737|Charjabug|https://cdn2.bulbagarden.net/upload/thumb/e/ec/737Charjabug.png/1200px-737Charjabug.png
#738|Vikavolt|https://cdn2.bulbagarden.net/upload/thumb/4/4e/738Vikavolt.png/1200px-738Vikavolt.png
#739|Crabrawler|https://cdn2.bulbagarden.net/upload/thumb/9/98/739Crabrawler.png/1200px-739Crabrawler.png
#740|Crabominable|https://cdn2.bulbagarden.net/upload/1/17/740Crabominable.png
#741|Oricorio|https://cdn2.bulbagarden.net/upload/thumb/e/ed/741Oricorio-Baile.png/1200px-741Oricorio-Baile.png
#742|Cutiefly|https://cdn2.bulbagarden.net/upload/thumb/f/fa/742Cutiefly.png/1200px-742Cutiefly.png
#743|Ribombee|https://cdn2.bulbagarden.net/upload/thumb/e/e4/743Ribombee.png/1200px-743Ribombee.png
#744|Rockruff|https://cdn2.bulbagarden.net/upload/thumb/5/51/744Rockruff.png/1200px-744Rockruff.png
#745|Lycanroc|https://cdn2.bulbagarden.net/upload/thumb/1/14/745Lycanroc.png/1200px-745Lycanroc.png
#746|Wishiwashi|https://cdn2.bulbagarden.net/upload/thumb/1/18/746Wishiwashi-Solo.png/1200px-746Wishiwashi-Solo.png
#747|Mareanie|https://cdn2.bulbagarden.net/upload/d/d3/747Mareanie.png
#748|Toxapex|https://cdn2.bulbagarden.net/upload/0/06/748Toxapex.png
#749|Mudbray|https://cdn2.bulbagarden.net/upload/thumb/1/12/749Mudbray.png/1200px-749Mudbray.png
#750|Mudsdale|https://cdn2.bulbagarden.net/upload/thumb/f/f7/750Mudsdale.png/1200px-750Mudsdale.png
#751|Dewpider|https://cdn2.bulbagarden.net/upload/2/29/751Dewpider.png
#752|Araquanid|https://cdn2.bulbagarden.net/upload/8/82/752Araquanid.png
#753|Fomantis|https://cdn2.bulbagarden.net/upload/thumb/1/10/753Fomantis.png/1200px-753Fomantis.png
#754|Lurantis|https://cdn2.bulbagarden.net/upload/thumb/1/19/754Lurantis.png/1200px-754Lurantis.png
#755|Morelull|https://cdn2.bulbagarden.net/upload/thumb/c/c9/755Morelull.png/1200px-755Morelull.png
#756|Shiinotic|https://cdn2.bulbagarden.net/upload/3/36/756Shiinotic.png
#757|Salandit|https://cdn2.bulbagarden.net/upload/thumb/2/27/757Salandit.png/1200px-757Salandit.png
#758|Salazzle|https://cdn2.bulbagarden.net/upload/thumb/7/72/758Salazzle.png/1200px-758Salazzle.png
#759|Stufful|https://cdn2.bulbagarden.net/upload/thumb/e/e5/759Stufful.png/1200px-759Stufful.png
#760|Bewear|https://cdn2.bulbagarden.net/upload/thumb/a/a4/760Bewear.png/1200px-760Bewear.png
#761|Bounsweet|https://cdn2.bulbagarden.net/upload/thumb/a/a1/761Bounsweet.png/1200px-761Bounsweet.png
#762|Steenee|https://cdn2.bulbagarden.net/upload/thumb/7/78/762Steenee.png/1200px-762Steenee.png
#763|Tsareena|https://cdn2.bulbagarden.net/upload/thumb/2/23/763Tsareena.png/1200px-763Tsareena.png
#764|Comfey|https://cdn2.bulbagarden.net/upload/thumb/c/c9/764Comfey.png/1200px-764Comfey.png
#765|Oranguru|https://cdn2.bulbagarden.net/upload/thumb/d/d8/765Oranguru.png/1200px-765Oranguru.png
#766|Passimian|https://cdn2.bulbagarden.net/upload/thumb/b/ba/766Passimian.png/1200px-766Passimian.png
#767|Wimpod|https://cdn2.bulbagarden.net/upload/thumb/e/ef/767Wimpod.png/1200px-767Wimpod.png
#768|Golisopod|https://cdn2.bulbagarden.net/upload/b/b6/768Golisopod.png
#769|Sandygast|https://cdn2.bulbagarden.net/upload/thumb/f/f0/769Sandygast.png/1200px-769Sandygast.png
#770|Palossand|https://cdn2.bulbagarden.net/upload/thumb/3/32/770Palossand.png/1200px-770Palossand.png
#771|Pyukumuku|https://cdn2.bulbagarden.net/upload/thumb/4/4f/771Pyukumuku.png/1200px-771Pyukumuku.png
#772|Type: Null|https://cdn2.bulbagarden.net/upload/thumb/f/fd/772Type_Null.png/1200px-772Type_Null.png
#773|Silvally|https://cdn2.bulbagarden.net/upload/thumb/b/be/773Silvally.png/1200px-773Silvally.png
#774|Minior|https://cdn2.bulbagarden.net/upload/thumb/9/90/774Minior.png/1200px-774Minior.png
#775|Komala|https://cdn2.bulbagarden.net/upload/thumb/7/7d/775Komala.png/1200px-775Komala.png
#776|Turtonator|https://cdn2.bulbagarden.net/upload/thumb/1/15/776Turtonator.png/1200px-776Turtonator.png
#777|Togedemaru|https://cdn2.bulbagarden.net/upload/thumb/5/5a/777Togedemaru.png/1200px-777Togedemaru.png
#778|Mimikyu|https://cdn2.bulbagarden.net/upload/thumb/9/9b/778Mimikyu.png/1200px-778Mimikyu.png
#779|Bruxish|https://cdn2.bulbagarden.net/upload/thumb/9/92/779Bruxish.png/1200px-779Bruxish.png
#780|Drampa|https://cdn2.bulbagarden.net/upload/thumb/d/dc/780Drampa.png/1200px-780Drampa.png
#781|Dhelmise|https://cdn2.bulbagarden.net/upload/2/2f/781Dhelmise.png
#782|Jangmo-o|https://cdn2.bulbagarden.net/upload/thumb/a/a0/782Jangmo-o.png/1200px-782Jangmo-o.png
#783|Hakamo-o|https://cdn2.bulbagarden.net/upload/thumb/0/0d/783Hakamo-o.png/1200px-783Hakamo-o.png
#784|Kommo-o|https://cdn2.bulbagarden.net/upload/thumb/8/84/784Kommo-o.png/1200px-784Kommo-o.png
#785|Tapu Koko|https://cdn2.bulbagarden.net/upload/thumb/d/d0/785Tapu_Koko.png/1200px-785Tapu_Koko.png
#786|Tapu Lele|https://cdn2.bulbagarden.net/upload/thumb/4/4d/786Tapu_Lele.png/1200px-786Tapu_Lele.png
#787|Tapu Bulu|https://cdn2.bulbagarden.net/upload/thumb/6/67/787Tapu_Bulu.png/1200px-787Tapu_Bulu.png
#788|Tapu Fini|https://cdn2.bulbagarden.net/upload/thumb/6/66/788Tapu_Fini.png/1200px-788Tapu_Fini.png
#789|Cosmog|https://cdn2.bulbagarden.net/upload/thumb/1/17/789Cosmog.png/1200px-789Cosmog.png
#790|Cosmoem|https://cdn2.bulbagarden.net/upload/thumb/1/1b/790Cosmoem.png/1200px-790Cosmoem.png
#791|Solgaleo|https://cdn2.bulbagarden.net/upload/thumb/5/57/791Solgaleo.png/1200px-791Solgaleo.png
#792|Lunala|https://cdn2.bulbagarden.net/upload/thumb/9/9d/792Lunala.png/1200px-792Lunala.png
#793|Nihilego|https://cdn2.bulbagarden.net/upload/thumb/2/2c/793Nihilego.png/1200px-793Nihilego.png
#794|Buzzwole|https://cdn2.bulbagarden.net/upload/thumb/f/fa/794Buzzwole.png/1200px-794Buzzwole.png
#795|Pheromosa|https://cdn2.bulbagarden.net/upload/c/c7/795Pheromosa.png
#796|Xurkitree|https://cdn2.bulbagarden.net/upload/thumb/d/d2/796Xurkitree.png/1200px-796Xurkitree.png
#797|Celesteela|https://cdn2.bulbagarden.net/upload/8/89/797Celesteela.png
#798|Kartana|https://cdn2.bulbagarden.net/upload/f/fe/798Kartana.png
#799|Guzzlord|https://cdn2.bulbagarden.net/upload/thumb/4/47/799Guzzlord.png/1200px-799Guzzlord.png
#800|Necrozma|https://cdn2.bulbagarden.net/upload/thumb/4/44/800Necrozma.png/1200px-800Necrozma.png
#801|Magearna|https://cdn2.bulbagarden.net/upload/thumb/0/0a/801Magearna.png/1200px-801Magearna.png
#802|Marshadow|https://cdn2.bulbagarden.net/upload/thumb/8/89/802Marshadow.png/1200px-802Marshadow.png
#803|Poipole|https://cdn2.bulbagarden.net/upload/e/e5/803Poipole.png
#804|Naganadel|https://cdn2.bulbagarden.net/upload/d/de/804Naganadel.png
#805|Stakataka|https://cdn2.bulbagarden.net/upload/2/27/805Stakataka.png
#806|Blacephalon|https://cdn2.bulbagarden.net/upload/a/a5/806Blacephalon.png
#807|Zeraora|https://cdn2.bulbagarden.net/upload/thumb/a/a7/807Zeraora.png/1200px-807Zeraora.png
#808|Meltan|https://cdn2.bulbagarden.net/upload/thumb/d/d1/808Meltan.png/1200px-808Meltan.png
#809|Melmetal|https://cdn2.bulbagarden.net/upload/thumb/e/ea/809Melmetal.png/1200px-809Melmetal.png
#810|Grookey|https://cdn2.bulbagarden.net/upload/thumb/9/93/810Grookey.png/1200px-810Grookey.png
#811|Thwackey|https://cdn2.bulbagarden.net/upload/thumb/8/8f/811Thwackey.png/1200px-811Thwackey.png
#812|Rillaboom|https://cdn2.bulbagarden.net/upload/thumb/4/47/812Rillaboom.png/1200px-812Rillaboom.png
#813|Scorbunny|https://cdn2.bulbagarden.net/upload/thumb/0/06/813Scorbunny.png/1200px-813Scorbunny.png
#814|Raboot|https://cdn2.bulbagarden.net/upload/thumb/b/bc/814Raboot.png/1200px-814Raboot.png
#815|Cinderace|https://cdn2.bulbagarden.net/upload/thumb/b/b0/815Cinderace.png/1200px-815Cinderace.png
#816|Sobble|https://cdn2.bulbagarden.net/upload/thumb/9/9b/816Sobble.png/1200px-816Sobble.png
#817|Drizzile|https://cdn2.bulbagarden.net/upload/thumb/6/6c/817Drizzile.png/1200px-817Drizzile.png
#818|Inteleon|https://cdn2.bulbagarden.net/upload/thumb/e/e4/818Inteleon.png/1200px-818Inteleon.png
#819|Skwovet|https://cdn2.bulbagarden.net/upload/c/ce/819Skwovet.png
#820|Greedent|https://cdn2.bulbagarden.net/upload/6/6b/820Greedent.png
#821|Rookidee|https://cdn2.bulbagarden.net/upload/7/79/821Rookidee.png
#822|Corvisquire|https://cdn2.bulbagarden.net/upload/e/ec/822Corvisquire.png
#823|Corviknight|https://cdn2.bulbagarden.net/upload/thumb/0/0c/823Corviknight.png/1200px-823Corviknight.png
#824|Blipbug|https://cdn2.bulbagarden.net/upload/4/4c/824Blipbug.png
#825|Dottler|https://cdn2.bulbagarden.net/upload/9/95/825Dottler.png
#826|Orbeetle|https://cdn2.bulbagarden.net/upload/7/79/826Orbeetle.png
#827|Nickit|https://cdn2.bulbagarden.net/upload/2/22/827Nickit.png
#828|Thievul|https://cdn2.bulbagarden.net/upload/e/e7/828Thievul.png
#829|Gossifleur|https://cdn2.bulbagarden.net/upload/thumb/4/4c/829Gossifleur.png/1200px-829Gossifleur.png
#830|Eldegoss|https://cdn2.bulbagarden.net/upload/thumb/3/34/830Eldegoss.png/1200px-830Eldegoss.png
#831|Wooloo|https://cdn2.bulbagarden.net/upload/thumb/1/1f/831Wooloo.png/1200px-831Wooloo.png
#832|Dubwool|https://cdn2.bulbagarden.net/upload/9/9a/832Dubwool.png
#833|Chewtle|https://cdn2.bulbagarden.net/upload/2/22/833Chewtle.png
#834|Drednaw|https://cdn2.bulbagarden.net/upload/thumb/b/be/834Drednaw.png/1200px-834Drednaw.png
#835|Yamper|https://cdn2.bulbagarden.net/upload/thumb/6/63/835Yamper.png/1200px-835Yamper.png
#836|Boltund|https://cdn2.bulbagarden.net/upload/e/e4/836Boltund.png
#837|Rolycoly|https://cdn2.bulbagarden.net/upload/thumb/a/a1/837Rolycoly.png/1200px-837Rolycoly.png
#838|Carkol|https://cdn2.bulbagarden.net/upload/e/e1/838Carkol.png
#839|Coalossal|https://cdn2.bulbagarden.net/upload/0/0c/839Coalossal.png
#840|Applin|https://cdn2.bulbagarden.net/upload/c/cc/840Applin.png
#841|Flapple|https://cdn2.bulbagarden.net/upload/0/01/841Flapple.png
#842|Appletun|https://cdn2.bulbagarden.net/upload/3/36/842Appletun.png
#843|Silicobra|https://cdn2.bulbagarden.net/upload/b/b5/843Silicobra.png
#844|Sandaconda|https://cdn2.bulbagarden.net/upload/thumb/1/11/844Sandaconda.png/1200px-844Sandaconda.png
#845|Cramorant|https://cdn2.bulbagarden.net/upload/thumb/f/f3/845Cramorant.png/1200px-845Cramorant.png
#846|Arrokuda|https://cdn2.bulbagarden.net/upload/a/a9/846Arrokuda.png
#847|Barraskewda|https://cdn2.bulbagarden.net/upload/d/d9/847Barraskewda.png
#848|Toxel|https://cdn2.bulbagarden.net/upload/d/d5/848Toxel.png
#849|Toxtricity|https://cdn2.bulbagarden.net/upload/thumb/5/56/849Toxtricity-Amped.png/1200px-849Toxtricity-Amped.png
#850|Sizzlipede|https://cdn2.bulbagarden.net/upload/f/f2/850Sizzlipede.png
#851|Centiskorch|https://cdn2.bulbagarden.net/upload/thumb/e/ed/851Centiskorch.png/1200px-851Centiskorch.png
#852|Clobbopus|https://cdn2.bulbagarden.net/upload/4/4e/852Clobbopus.png
#853|Grapploct|https://cdn2.bulbagarden.net/upload/c/c4/853Grapploct.png
#854|Sinistea|https://cdn2.bulbagarden.net/upload/b/b1/854Sinistea.png
#855|Polteageist|https://cdn2.bulbagarden.net/upload/thumb/3/3d/855Polteageist.png/1200px-855Polteageist.png
#856|Hatenna|https://cdn2.bulbagarden.net/upload/8/8b/856Hatenna.png
#857|Hattrem|https://cdn2.bulbagarden.net/upload/1/19/857Hattrem.png
#858|Hatterene|https://cdn2.bulbagarden.net/upload/1/10/858Hatterene.png
#859|Impidimp|https://cdn2.bulbagarden.net/upload/f/fb/859Impidimp.png
#860|Morgrem|https://cdn2.bulbagarden.net/upload/6/66/860Morgrem.png
#861|Grimmsnarl|https://cdn2.bulbagarden.net/upload/6/67/861Grimmsnarl.png
#862|Obstagoon|https://cdn2.bulbagarden.net/upload/thumb/0/08/862Obstagoon.png/1200px-862Obstagoon.png
#863|Perrserker|https://cdn2.bulbagarden.net/upload/e/e0/863Perrserker.png
#864|Cursola|https://cdn2.bulbagarden.net/upload/d/db/864Cursola.png
#865|Sirfetch'd|https://cdn2.bulbagarden.net/upload/thumb/3/38/865Sirfetch%27d.png/1200px-865Sirfetch%27d.png
#866|Mr. Rime|https://cdn2.bulbagarden.net/upload/5/51/866Mr._Rime.png
#867|Runerigus|https://cdn2.bulbagarden.net/upload/7/71/867Runerigus.png
#868|Milcery|https://cdn2.bulbagarden.net/upload/0/05/868Milcery.png
#869|Alcremie|https://cdn2.bulbagarden.net/upload/thumb/e/e0/869Alcremie.png/1200px-869Alcremie.png
#870|Falinks|https://cdn2.bulbagarden.net/upload/b/bb/870Falinks.png
#871|Pincurchin|https://cdn2.bulbagarden.net/upload/1/11/871Pincurchin.png
#872|Snom|https://cdn2.bulbagarden.net/upload/f/f9/872Snom.png
#873|Frosmoth|https://cdn2.bulbagarden.net/upload/0/04/873Frosmoth.png
#874|Stonjourner|https://cdn2.bulbagarden.net/upload/thumb/6/60/874Stonjourner.png/1200px-874Stonjourner.png
#875|Eiscue|https://cdn2.bulbagarden.net/upload/thumb/9/9b/875Eiscue-Ice.png/1200px-875Eiscue-Ice.png
#876|Indeedee|https://cdn2.bulbagarden.net/upload/7/79/876Indeedee.png
#877|Morpeko|https://cdn2.bulbagarden.net/upload/thumb/d/df/877Morpeko-Full.png/1200px-877Morpeko-Full.png
#878|Cufant|https://cdn2.bulbagarden.net/upload/5/56/878Cufant.png
#879|Copperajah|https://cdn2.bulbagarden.net/upload/7/76/879Copperajah.png
#880|Dracozolt|https://cdn2.bulbagarden.net/upload/9/91/880Dracozolt.png
#881|Arctozolt|https://cdn2.bulbagarden.net/upload/4/40/881Arctozolt.png
#882|Dracovish|https://cdn2.bulbagarden.net/upload/1/16/882Dracovish.png
#883|Arctovish|https://cdn2.bulbagarden.net/upload/0/03/883Arctovish.png
#884|Duraludon|https://cdn2.bulbagarden.net/upload/thumb/3/38/884Duraludon.png/1200px-884Duraludon.png
#885|Dreepy|https://cdn2.bulbagarden.net/upload/a/a9/885Dreepy.png
#886|Drakloak|https://cdn2.bulbagarden.net/upload/e/e1/886Drakloak.png
#887|Dragapult|https://cdn2.bulbagarden.net/upload/f/f7/887Dragapult.png
#888|Zacian|https://cdn2.bulbagarden.net/upload/e/e3/888Zacian-Hero.png
#889|Zamazenta|https://cdn2.bulbagarden.net/upload/9/97/889Zamazenta-Hero.png
#890|Eternatus|https://cdn2.bulbagarden.net/upload/6/62/890Eternatus.png
#891|Kubfu|https://cdn2.bulbagarden.net/upload/thumb/4/47/891Kubfu.png/1200px-891Kubfu.png
#892|Urshifu|https://cdn2.bulbagarden.net/upload/thumb/e/e7/892Urshifu-Single_Strike.png/1200px-892Urshifu-Single_Strike.png
#893|Zarude|https://cdn2.bulbagarden.net/upload/thumb/a/a5/893Zarude.png/1200px-893Zarude.png
#894|Regieleki|https://cdn2.bulbagarden.net/upload/thumb/9/9b/894Regieleki.png/1200px-894Regieleki.png
#895|Regidrago|https://cdn2.bulbagarden.net/upload/thumb/e/e8/895Regidrago.png/1200px-895Regidrago.png
#896|Glastrier|https://cdn2.bulbagarden.net/upload/thumb/f/ff/896Glastrier.png/1200px-896Glastrier.png
#897|Spectrier|https://cdn2.bulbagarden.net/upload/thumb/7/7e/897Spectrier.png/1200px-897Spectrier.png
#898|Calyrex|https://cdn2.bulbagarden.net/upload/thumb/3/3c/898Calyrex.png/1200px-898Calyrex.png
